ISO-10303-21;
HEADER;
/* Generated by software containing ST-Developer
 * from STEP Tools, Inc. (www.steptools.com) 
 */

FILE_DESCRIPTION(
/* description */ (''),
/* implementation_level */ '2;1');

FILE_NAME(
/* name */ '38f7da8a-5182-4559-a227-07ec74113cbd.stp',
/* time_stamp */ '2025-05-28T15:36:22Z',
/* author */ (''),
/* organization */ (''),
/* preprocessor_version */ 'ST-DEVELOPER v20.1',
/* originating_system */ 'Autodesk Translation Framework v14.10.0.0',
/* authorisation */ '');

FILE_SCHEMA (('AUTOMOTIVE_DESIGN { 1 0 10303 214 3 1 1 }'));
ENDSEC;

DATA;
#10=MECHANICAL_DESIGN_GEOMETRIC_PRESENTATION_REPRESENTATION('',(#13,#14,
#15),#2839);
#11=SHAPE_REPRESENTATION_RELATIONSHIP('SRR','None',#2846,#12);
#12=ADVANCED_BREP_SHAPE_REPRESENTATION('',(#16,#17,#18),#2838);
#13=STYLED_ITEM('',(#2856),#16);
#14=STYLED_ITEM('',(#2856),#17);
#15=STYLED_ITEM('',(#2856),#18);
#16=MANIFOLD_SOLID_BREP('Body1',#1609);
#17=MANIFOLD_SOLID_BREP('Body2',#1610);
#18=MANIFOLD_SOLID_BREP('Body3',#1611);
#19=FACE_BOUND('',#220,.T.);
#20=FACE_BOUND('',#221,.T.);
#21=FACE_BOUND('',#224,.T.);
#22=FACE_BOUND('',#225,.T.);
#23=FACE_BOUND('',#254,.T.);
#24=FACE_BOUND('',#268,.T.);
#25=FACE_BOUND('',#272,.T.);
#26=FACE_BOUND('',#286,.T.);
#27=B_SPLINE_SURFACE_WITH_KNOTS('',3,3,((#2437,#2438,#2439,#2440,#2441),
(#2442,#2443,#2444,#2445,#2446),(#2447,#2448,#2449,#2450,#2451),(#2452,
#2453,#2454,#2455,#2456),(#2457,#2458,#2459,#2460,#2461)),.UNSPECIFIED.,
 .F.,.F.,.F.,(4,1,4),(4,1,4),(-0.000512103567641412,0.571428571428571,1.00003307815349),
(-1.57130843036254,-0.673198272500153,0.000512252579256195),
 .UNSPECIFIED.);
#28=B_SPLINE_SURFACE_WITH_KNOTS('',3,3,((#2465,#2466,#2467,#2468,#2469),
(#2470,#2471,#2472,#2473,#2474),(#2475,#2476,#2477,#2478,#2479),(#2480,
#2481,#2482,#2483,#2484),(#2485,#2486,#2487,#2488,#2489)),.UNSPECIFIED.,
 .F.,.F.,.F.,(4,1,4),(4,1,4),(-0.00051210324003625,0.571428571428571,1.00003307810316),
(-0.00051210324003854,0.673198425769239,1.57130843003493),.UNSPECIFIED.);
#29=B_SPLINE_SURFACE_WITH_KNOTS('',3,3,((#2491,#2492,#2493,#2494,#2495),
(#2496,#2497,#2498,#2499,#2500),(#2501,#2502,#2503,#2504,#2505),(#2506,
#2507,#2508,#2509,#2510),(#2511,#2512,#2513,#2514,#2515)),.UNSPECIFIED.,
 .F.,.F.,.F.,(4,1,4),(4,1,4),(-0.00051210324003625,0.571428571428571,1.00003307810316),
(-0.00051210324003854,0.673198425769239,1.57130843003493),.UNSPECIFIED.);
#30=B_SPLINE_SURFACE_WITH_KNOTS('',3,3,((#2580,#2581,#2582,#2583,#2584),
(#2585,#2586,#2587,#2588,#2589),(#2590,#2591,#2592,#2593,#2594),(#2595,
#2596,#2597,#2598,#2599),(#2600,#2601,#2602,#2603,#2604)),.UNSPECIFIED.,
 .F.,.F.,.F.,(4,1,4),(4,1,4),(-0.000512103567641412,0.571428571428571,1.00003307815349),
(-1.57130843036254,-0.673198272500153,0.000512252579256195),
 .UNSPECIFIED.);
#31=B_SPLINE_CURVE_WITH_KNOTS('',3,(#2304,#2305,#2306,#2307,#2308,#2309),
 .UNSPECIFIED.,.F.,.F.,(4,2,4),(-0.200171558707042,-0.081617067753643,-0.000264545988335038),
 .UNSPECIFIED.);
#32=B_SPLINE_CURVE_WITH_KNOTS('',3,(#2311,#2312,#2313,#2314,#2315,#2316),
 .UNSPECIFIED.,.F.,.F.,(4,2,4),(1.46604784964204,1.56285879042114,1.71562848817777),
 .UNSPECIFIED.);
#33=B_SPLINE_CURVE_WITH_KNOTS('',3,(#2334,#2335,#2336,#2337,#2338,#2339,
#2340,#2341),.UNSPECIFIED.,.F.,.F.,(4,2,2,4),(0.866310643485364,0.925567010871961,
1.08082666872891,1.23608632658587),.UNSPECIFIED.);
#34=B_SPLINE_CURVE_WITH_KNOTS('',3,(#2343,#2344,#2345,#2346,#2347,#2348,
#2349,#2350),.UNSPECIFIED.,.F.,.F.,(4,2,2,4),(-0.286836815457484,-0.235913706509149,
-0.16440043398359,-0.000356648945137677),.UNSPECIFIED.);
#35=B_SPLINE_CURVE_WITH_KNOTS('',3,(#2358,#2359,#2360,#2361,#2362,#2363),
 .UNSPECIFIED.,.F.,.F.,(4,2,4),(0.998041885897672,1.08412153830433,1.23933338972428),
 .UNSPECIFIED.);
#36=B_SPLINE_CURVE_WITH_KNOTS('',3,(#2365,#2366,#2367,#2368,#2369,#2370,
#2371,#2372,#2373,#2374),.UNSPECIFIED.,.F.,.F.,(4,2,2,2,4),(-0.640377474150061,
-0.514713498990285,-0.340787903647578,-0.162451663323213,0.),
 .UNSPECIFIED.);
#37=B_SPLINE_CURVE_WITH_KNOTS('',3,(#2376,#2377,#2378,#2379,#2380,#2381,
#2382,#2383,#2384,#2385,#2386,#2387,#2388,#2389),.UNSPECIFIED.,.F.,.F.,
(4,2,2,2,2,2,4),(-0.895875040808594,-0.760320854062631,-0.622737985960853,
-0.420625375267122,-0.235117127029602,-0.105755079723776,0.),
 .UNSPECIFIED.);
#38=PLANE('',#1631);
#39=PLANE('',#1632);
#40=PLANE('',#1641);
#41=PLANE('',#1642);
#42=PLANE('',#1646);
#43=PLANE('',#1651);
#44=PLANE('',#1652);
#45=PLANE('',#1660);
#46=PLANE('',#1661);
#47=PLANE('',#1664);
#48=PLANE('',#1665);
#49=PLANE('',#1666);
#50=PLANE('',#1669);
#51=PLANE('',#1679);
#52=PLANE('',#1685);
#53=PLANE('',#1686);
#54=PLANE('',#1696);
#55=PLANE('',#1697);
#56=PLANE('',#1698);
#57=PLANE('',#1699);
#58=PLANE('',#1701);
#59=PLANE('',#1703);
#60=PLANE('',#1705);
#61=PLANE('',#1707);
#62=PLANE('',#1710);
#63=PLANE('',#1713);
#64=PLANE('',#1716);
#65=PLANE('',#1717);
#66=PLANE('',#1720);
#67=PLANE('',#1721);
#68=PLANE('',#1725);
#69=PLANE('',#1726);
#70=PLANE('',#1732);
#71=PLANE('',#1737);
#72=PLANE('',#1738);
#73=PLANE('',#1739);
#74=PLANE('',#1740);
#75=PLANE('',#1741);
#76=PLANE('',#1742);
#77=PLANE('',#1743);
#78=PLANE('',#1744);
#79=PLANE('',#1745);
#80=PLANE('',#1749);
#81=PLANE('',#1750);
#82=PLANE('',#1756);
#83=PLANE('',#1759);
#84=PLANE('',#1762);
#85=PLANE('',#1763);
#86=PLANE('',#1764);
#87=PLANE('',#1765);
#88=PLANE('',#1766);
#89=PLANE('',#1767);
#90=PLANE('',#1768);
#91=PLANE('',#1769);
#92=ELLIPSE('',#1629,11.9038296334869,8.41727865592797);
#93=ELLIPSE('',#1636,10.8239362992614,7.65367875633894);
#94=ELLIPSE('',#1644,11.9038296334869,8.41727865592797);
#95=ELLIPSE('',#1654,10.8239362992614,7.65367875633894);
#96=ELLIPSE('',#1657,11.9038296334869,8.41727865592797);
#97=ELLIPSE('',#1658,11.9038296334869,8.41727865592797);
#98=ELLIPSE('',#1662,1.4142135623731,1.);
#99=ELLIPSE('',#1663,1.4142135623731,1.);
#100=ELLIPSE('',#1675,1.02082201217407,0.999999999999999);
#101=ELLIPSE('',#1676,1.02082201217407,0.999999999999999);
#102=ELLIPSE('',#1677,5.00420598901955,5.);
#103=ELLIPSE('',#1694,5.00420598901955,5.);
#104=ELLIPSE('',#1709,1.4142135623731,1.);
#105=ELLIPSE('',#1712,5.10411006087035,5.);
#106=ELLIPSE('',#1715,5.10411006087035,5.);
#107=FACE_OUTER_BOUND('',#193,.T.);
#108=FACE_OUTER_BOUND('',#194,.T.);
#109=FACE_OUTER_BOUND('',#195,.T.);
#110=FACE_OUTER_BOUND('',#196,.T.);
#111=FACE_OUTER_BOUND('',#197,.T.);
#112=FACE_OUTER_BOUND('',#198,.T.);
#113=FACE_OUTER_BOUND('',#199,.T.);
#114=FACE_OUTER_BOUND('',#200,.T.);
#115=FACE_OUTER_BOUND('',#201,.T.);
#116=FACE_OUTER_BOUND('',#202,.T.);
#117=FACE_OUTER_BOUND('',#203,.T.);
#118=FACE_OUTER_BOUND('',#204,.T.);
#119=FACE_OUTER_BOUND('',#205,.T.);
#120=FACE_OUTER_BOUND('',#206,.T.);
#121=FACE_OUTER_BOUND('',#207,.T.);
#122=FACE_OUTER_BOUND('',#208,.T.);
#123=FACE_OUTER_BOUND('',#209,.T.);
#124=FACE_OUTER_BOUND('',#210,.T.);
#125=FACE_OUTER_BOUND('',#211,.T.);
#126=FACE_OUTER_BOUND('',#212,.T.);
#127=FACE_OUTER_BOUND('',#213,.T.);
#128=FACE_OUTER_BOUND('',#214,.T.);
#129=FACE_OUTER_BOUND('',#215,.T.);
#130=FACE_OUTER_BOUND('',#216,.T.);
#131=FACE_OUTER_BOUND('',#217,.T.);
#132=FACE_OUTER_BOUND('',#218,.T.);
#133=FACE_OUTER_BOUND('',#219,.T.);
#134=FACE_OUTER_BOUND('',#222,.T.);
#135=FACE_OUTER_BOUND('',#223,.T.);
#136=FACE_OUTER_BOUND('',#226,.T.);
#137=FACE_OUTER_BOUND('',#227,.T.);
#138=FACE_OUTER_BOUND('',#228,.T.);
#139=FACE_OUTER_BOUND('',#229,.T.);
#140=FACE_OUTER_BOUND('',#230,.T.);
#141=FACE_OUTER_BOUND('',#231,.T.);
#142=FACE_OUTER_BOUND('',#232,.T.);
#143=FACE_OUTER_BOUND('',#233,.T.);
#144=FACE_OUTER_BOUND('',#234,.T.);
#145=FACE_OUTER_BOUND('',#235,.T.);
#146=FACE_OUTER_BOUND('',#236,.T.);
#147=FACE_OUTER_BOUND('',#237,.T.);
#148=FACE_OUTER_BOUND('',#238,.T.);
#149=FACE_OUTER_BOUND('',#239,.T.);
#150=FACE_OUTER_BOUND('',#240,.T.);
#151=FACE_OUTER_BOUND('',#241,.T.);
#152=FACE_OUTER_BOUND('',#242,.T.);
#153=FACE_OUTER_BOUND('',#243,.T.);
#154=FACE_OUTER_BOUND('',#244,.T.);
#155=FACE_OUTER_BOUND('',#245,.T.);
#156=FACE_OUTER_BOUND('',#246,.T.);
#157=FACE_OUTER_BOUND('',#247,.T.);
#158=FACE_OUTER_BOUND('',#248,.T.);
#159=FACE_OUTER_BOUND('',#249,.T.);
#160=FACE_OUTER_BOUND('',#250,.T.);
#161=FACE_OUTER_BOUND('',#251,.T.);
#162=FACE_OUTER_BOUND('',#252,.T.);
#163=FACE_OUTER_BOUND('',#253,.T.);
#164=FACE_OUTER_BOUND('',#255,.T.);
#165=FACE_OUTER_BOUND('',#256,.T.);
#166=FACE_OUTER_BOUND('',#257,.T.);
#167=FACE_OUTER_BOUND('',#258,.T.);
#168=FACE_OUTER_BOUND('',#259,.T.);
#169=FACE_OUTER_BOUND('',#260,.T.);
#170=FACE_OUTER_BOUND('',#261,.T.);
#171=FACE_OUTER_BOUND('',#262,.T.);
#172=FACE_OUTER_BOUND('',#263,.T.);
#173=FACE_OUTER_BOUND('',#264,.T.);
#174=FACE_OUTER_BOUND('',#265,.T.);
#175=FACE_OUTER_BOUND('',#266,.T.);
#176=FACE_OUTER_BOUND('',#267,.T.);
#177=FACE_OUTER_BOUND('',#269,.T.);
#178=FACE_OUTER_BOUND('',#270,.T.);
#179=FACE_OUTER_BOUND('',#271,.T.);
#180=FACE_OUTER_BOUND('',#273,.T.);
#181=FACE_OUTER_BOUND('',#274,.T.);
#182=FACE_OUTER_BOUND('',#275,.T.);
#183=FACE_OUTER_BOUND('',#276,.T.);
#184=FACE_OUTER_BOUND('',#277,.T.);
#185=FACE_OUTER_BOUND('',#278,.T.);
#186=FACE_OUTER_BOUND('',#279,.T.);
#187=FACE_OUTER_BOUND('',#280,.T.);
#188=FACE_OUTER_BOUND('',#281,.T.);
#189=FACE_OUTER_BOUND('',#282,.T.);
#190=FACE_OUTER_BOUND('',#283,.T.);
#191=FACE_OUTER_BOUND('',#284,.T.);
#192=FACE_OUTER_BOUND('',#285,.T.);
#193=EDGE_LOOP('',(#1035,#1036,#1037,#1038));
#194=EDGE_LOOP('',(#1039,#1040,#1041,#1042));
#195=EDGE_LOOP('',(#1043,#1044,#1045,#1046,#1047));
#196=EDGE_LOOP('',(#1048,#1049,#1050,#1051,#1052));
#197=EDGE_LOOP('',(#1053,#1054,#1055,#1056));
#198=EDGE_LOOP('',(#1057,#1058,#1059,#1060));
#199=EDGE_LOOP('',(#1061,#1062,#1063,#1064,#1065,#1066));
#200=EDGE_LOOP('',(#1067,#1068,#1069,#1070));
#201=EDGE_LOOP('',(#1071,#1072,#1073,#1074));
#202=EDGE_LOOP('',(#1075,#1076,#1077,#1078));
#203=EDGE_LOOP('',(#1079,#1080,#1081,#1082,#1083,#1084));
#204=EDGE_LOOP('',(#1085,#1086,#1087,#1088));
#205=EDGE_LOOP('',(#1089,#1090,#1091,#1092));
#206=EDGE_LOOP('',(#1093,#1094,#1095,#1096,#1097,#1098,#1099,#1100));
#207=EDGE_LOOP('',(#1101,#1102,#1103,#1104,#1105,#1106,#1107,#1108,#1109,
#1110,#1111,#1112,#1113,#1114));
#208=EDGE_LOOP('',(#1115,#1116,#1117,#1118));
#209=EDGE_LOOP('',(#1119,#1120,#1121,#1122,#1123,#1124,#1125,#1126,#1127));
#210=EDGE_LOOP('',(#1128,#1129,#1130,#1131));
#211=EDGE_LOOP('',(#1132,#1133,#1134,#1135));
#212=EDGE_LOOP('',(#1136,#1137,#1138,#1139,#1140,#1141,#1142,#1143,#1144));
#213=EDGE_LOOP('',(#1145,#1146,#1147,#1148));
#214=EDGE_LOOP('',(#1149,#1150,#1151,#1152));
#215=EDGE_LOOP('',(#1153,#1154,#1155));
#216=EDGE_LOOP('',(#1156,#1157,#1158));
#217=EDGE_LOOP('',(#1159,#1160,#1161));
#218=EDGE_LOOP('',(#1162,#1163,#1164,#1165));
#219=EDGE_LOOP('',(#1166,#1167,#1168,#1169,#1170,#1171,#1172,#1173,#1174,
#1175,#1176,#1177));
#220=EDGE_LOOP('',(#1178));
#221=EDGE_LOOP('',(#1179));
#222=EDGE_LOOP('',(#1180,#1181,#1182,#1183));
#223=EDGE_LOOP('',(#1184,#1185,#1186,#1187,#1188,#1189,#1190,#1191,#1192,
#1193,#1194,#1195,#1196,#1197,#1198,#1199,#1200,#1201,#1202,#1203,#1204,
#1205,#1206,#1207,#1208,#1209));
#224=EDGE_LOOP('',(#1210));
#225=EDGE_LOOP('',(#1211));
#226=EDGE_LOOP('',(#1212,#1213,#1214));
#227=EDGE_LOOP('',(#1215,#1216,#1217,#1218,#1219));
#228=EDGE_LOOP('',(#1220,#1221,#1222,#1223,#1224,#1225,#1226,#1227,#1228,
#1229));
#229=EDGE_LOOP('',(#1230,#1231,#1232));
#230=EDGE_LOOP('',(#1233,#1234,#1235,#1236));
#231=EDGE_LOOP('',(#1237,#1238,#1239));
#232=EDGE_LOOP('',(#1240,#1241,#1242,#1243));
#233=EDGE_LOOP('',(#1244,#1245,#1246,#1247));
#234=EDGE_LOOP('',(#1248,#1249,#1250,#1251));
#235=EDGE_LOOP('',(#1252,#1253,#1254,#1255));
#236=EDGE_LOOP('',(#1256,#1257,#1258,#1259));
#237=EDGE_LOOP('',(#1260,#1261,#1262,#1263,#1264,#1265,#1266,#1267,#1268));
#238=EDGE_LOOP('',(#1269,#1270,#1271,#1272));
#239=EDGE_LOOP('',(#1273,#1274,#1275,#1276,#1277));
#240=EDGE_LOOP('',(#1278,#1279,#1280,#1281,#1282));
#241=EDGE_LOOP('',(#1283,#1284,#1285,#1286,#1287));
#242=EDGE_LOOP('',(#1288,#1289,#1290,#1291));
#243=EDGE_LOOP('',(#1292,#1293,#1294));
#244=EDGE_LOOP('',(#1295,#1296,#1297,#1298));
#245=EDGE_LOOP('',(#1299,#1300,#1301,#1302,#1303,#1304,#1305));
#246=EDGE_LOOP('',(#1306,#1307,#1308,#1309,#1310));
#247=EDGE_LOOP('',(#1311,#1312,#1313,#1314));
#248=EDGE_LOOP('',(#1315,#1316,#1317,#1318));
#249=EDGE_LOOP('',(#1319,#1320,#1321,#1322));
#250=EDGE_LOOP('',(#1323,#1324,#1325,#1326));
#251=EDGE_LOOP('',(#1327,#1328,#1329,#1330));
#252=EDGE_LOOP('',(#1331,#1332,#1333,#1334));
#253=EDGE_LOOP('',(#1335,#1336,#1337,#1338,#1339,#1340,#1341,#1342));
#254=EDGE_LOOP('',(#1343,#1344,#1345,#1346,#1347,#1348));
#255=EDGE_LOOP('',(#1349,#1350,#1351,#1352));
#256=EDGE_LOOP('',(#1353,#1354,#1355,#1356));
#257=EDGE_LOOP('',(#1357,#1358,#1359,#1360));
#258=EDGE_LOOP('',(#1361,#1362,#1363,#1364));
#259=EDGE_LOOP('',(#1365,#1366,#1367,#1368));
#260=EDGE_LOOP('',(#1369,#1370,#1371,#1372));
#261=EDGE_LOOP('',(#1373,#1374,#1375,#1376));
#262=EDGE_LOOP('',(#1377,#1378,#1379,#1380));
#263=EDGE_LOOP('',(#1381,#1382,#1383,#1384));
#264=EDGE_LOOP('',(#1385,#1386,#1387,#1388));
#265=EDGE_LOOP('',(#1389,#1390,#1391,#1392));
#266=EDGE_LOOP('',(#1393,#1394,#1395,#1396));
#267=EDGE_LOOP('',(#1397,#1398,#1399,#1400,#1401,#1402,#1403,#1404));
#268=EDGE_LOOP('',(#1405,#1406,#1407,#1408,#1409,#1410));
#269=EDGE_LOOP('',(#1411,#1412,#1413,#1414));
#270=EDGE_LOOP('',(#1415,#1416,#1417,#1418));
#271=EDGE_LOOP('',(#1419,#1420,#1421,#1422,#1423,#1424,#1425,#1426));
#272=EDGE_LOOP('',(#1427,#1428,#1429,#1430,#1431,#1432));
#273=EDGE_LOOP('',(#1433,#1434,#1435,#1436));
#274=EDGE_LOOP('',(#1437,#1438,#1439,#1440));
#275=EDGE_LOOP('',(#1441,#1442,#1443,#1444));
#276=EDGE_LOOP('',(#1445,#1446,#1447,#1448));
#277=EDGE_LOOP('',(#1449,#1450,#1451,#1452));
#278=EDGE_LOOP('',(#1453,#1454,#1455,#1456));
#279=EDGE_LOOP('',(#1457,#1458,#1459,#1460));
#280=EDGE_LOOP('',(#1461,#1462,#1463,#1464));
#281=EDGE_LOOP('',(#1465,#1466,#1467,#1468));
#282=EDGE_LOOP('',(#1469,#1470,#1471,#1472));
#283=EDGE_LOOP('',(#1473,#1474,#1475,#1476));
#284=EDGE_LOOP('',(#1477,#1478,#1479,#1480));
#285=EDGE_LOOP('',(#1481,#1482,#1483,#1484,#1485,#1486,#1487,#1488));
#286=EDGE_LOOP('',(#1489,#1490,#1491,#1492,#1493,#1494));
#287=CIRCLE('',#1626,7.65367875633894);
#288=CIRCLE('',#1627,7.65367875633894);
#289=CIRCLE('',#1630,8.41727865592797);
#290=CIRCLE('',#1633,7.65367875633894);
#291=CIRCLE('',#1634,8.41727865592797);
#292=CIRCLE('',#1637,7.65367875633894);
#293=CIRCLE('',#1639,8.41727865592797);
#294=CIRCLE('',#1640,8.41727865592797);
#295=CIRCLE('',#1645,8.41727865592797);
#296=CIRCLE('',#1647,8.41727865592797);
#297=CIRCLE('',#1648,7.65367875633894);
#298=CIRCLE('',#1650,7.65367875633894);
#299=CIRCLE('',#1655,7.65367875633894);
#300=CIRCLE('',#1659,8.41727865592797);
#301=CIRCLE('',#1667,4.);
#302=CIRCLE('',#1668,4.);
#303=CIRCLE('',#1671,4.);
#304=CIRCLE('',#1673,4.);
#305=CIRCLE('',#1674,4.);
#306=CIRCLE('',#1678,4.);
#307=CIRCLE('',#1680,1.);
#308=CIRCLE('',#1681,1.);
#309=CIRCLE('',#1682,1.);
#310=CIRCLE('',#1683,1.6);
#311=CIRCLE('',#1684,1.6);
#312=CIRCLE('',#1687,1.);
#313=CIRCLE('',#1688,1.);
#314=CIRCLE('',#1689,1.);
#315=CIRCLE('',#1690,1.);
#316=CIRCLE('',#1691,1.);
#317=CIRCLE('',#1692,1.6);
#318=CIRCLE('',#1693,1.6);
#319=CIRCLE('',#1723,2.);
#320=CIRCLE('',#1724,2.);
#321=CIRCLE('',#1727,2.);
#322=CIRCLE('',#1728,2.);
#323=CIRCLE('',#1729,2.);
#324=CIRCLE('',#1731,2.);
#325=CIRCLE('',#1734,2.);
#326=CIRCLE('',#1736,2.);
#327=CIRCLE('',#1747,2.);
#328=CIRCLE('',#1748,2.);
#329=CIRCLE('',#1751,2.);
#330=CIRCLE('',#1752,2.);
#331=CIRCLE('',#1753,2.);
#332=CIRCLE('',#1755,2.);
#333=CIRCLE('',#1758,2.);
#334=CIRCLE('',#1761,2.);
#335=LINE('',#2226,#495);
#336=LINE('',#2230,#496);
#337=LINE('',#2237,#497);
#338=LINE('',#2240,#498);
#339=LINE('',#2242,#499);
#340=LINE('',#2244,#500);
#341=LINE('',#2245,#501);
#342=LINE('',#2249,#502);
#343=LINE('',#2257,#503);
#344=LINE('',#2260,#504);
#345=LINE('',#2266,#505);
#346=LINE('',#2269,#506);
#347=LINE('',#2272,#507);
#348=LINE('',#2274,#508);
#349=LINE('',#2276,#509);
#350=LINE('',#2278,#510);
#351=LINE('',#2279,#511);
#352=LINE('',#2282,#512);
#353=LINE('',#2284,#513);
#354=LINE('',#2285,#514);
#355=LINE('',#2290,#515);
#356=LINE('',#2297,#516);
#357=LINE('',#2300,#517);
#358=LINE('',#2317,#518);
#359=LINE('',#2320,#519);
#360=LINE('',#2321,#520);
#361=LINE('',#2324,#521);
#362=LINE('',#2326,#522);
#363=LINE('',#2327,#523);
#364=LINE('',#2332,#524);
#365=LINE('',#2356,#525);
#366=LINE('',#2391,#526);
#367=LINE('',#2396,#527);
#368=LINE('',#2398,#528);
#369=LINE('',#2399,#529);
#370=LINE('',#2402,#530);
#371=LINE('',#2406,#531);
#372=LINE('',#2410,#532);
#373=LINE('',#2411,#533);
#374=LINE('',#2414,#534);
#375=LINE('',#2415,#535);
#376=LINE('',#2418,#536);
#377=LINE('',#2419,#537);
#378=LINE('',#2421,#538);
#379=LINE('',#2425,#539);
#380=LINE('',#2429,#540);
#381=LINE('',#2430,#541);
#382=LINE('',#2434,#542);
#383=LINE('',#2521,#543);
#384=LINE('',#2523,#544);
#385=LINE('',#2525,#545);
#386=LINE('',#2527,#546);
#387=LINE('',#2531,#547);
#388=LINE('',#2535,#548);
#389=LINE('',#2538,#549);
#390=LINE('',#2545,#550);
#391=LINE('',#2546,#551);
#392=LINE('',#2548,#552);
#393=LINE('',#2550,#553);
#394=LINE('',#2554,#554);
#395=LINE('',#2558,#555);
#396=LINE('',#2562,#556);
#397=LINE('',#2564,#557);
#398=LINE('',#2566,#558);
#399=LINE('',#2568,#559);
#400=LINE('',#2570,#560);
#401=LINE('',#2574,#561);
#402=LINE('',#2607,#562);
#403=LINE('',#2611,#563);
#404=LINE('',#2612,#564);
#405=LINE('',#2615,#565);
#406=LINE('',#2616,#566);
#407=LINE('',#2618,#567);
#408=LINE('',#2620,#568);
#409=LINE('',#2621,#569);
#410=LINE('',#2624,#570);
#411=LINE('',#2625,#571);
#412=LINE('',#2627,#572);
#413=LINE('',#2629,#573);
#414=LINE('',#2632,#574);
#415=LINE('',#2633,#575);
#416=LINE('',#2635,#576);
#417=LINE('',#2637,#577);
#418=LINE('',#2639,#578);
#419=LINE('',#2643,#579);
#420=LINE('',#2644,#580);
#421=LINE('',#2647,#581);
#422=LINE('',#2650,#582);
#423=LINE('',#2652,#583);
#424=LINE('',#2656,#584);
#425=LINE('',#2659,#585);
#426=LINE('',#2661,#586);
#427=LINE('',#2669,#587);
#428=LINE('',#2672,#588);
#429=LINE('',#2675,#589);
#430=LINE('',#2677,#590);
#431=LINE('',#2678,#591);
#432=LINE('',#2681,#592);
#433=LINE('',#2685,#593);
#434=LINE('',#2689,#594);
#435=LINE('',#2693,#595);
#436=LINE('',#2695,#596);
#437=LINE('',#2697,#597);
#438=LINE('',#2699,#598);
#439=LINE('',#2701,#599);
#440=LINE('',#2702,#600);
#441=LINE('',#2707,#601);
#442=LINE('',#2708,#602);
#443=LINE('',#2711,#603);
#444=LINE('',#2712,#604);
#445=LINE('',#2716,#605);
#446=LINE('',#2720,#606);
#447=LINE('',#2723,#607);
#448=LINE('',#2725,#608);
#449=LINE('',#2726,#609);
#450=LINE('',#2729,#610);
#451=LINE('',#2730,#611);
#452=LINE('',#2733,#612);
#453=LINE('',#2734,#613);
#454=LINE('',#2737,#614);
#455=LINE('',#2738,#615);
#456=LINE('',#2741,#616);
#457=LINE('',#2742,#617);
#458=LINE('',#2744,#618);
#459=LINE('',#2746,#619);
#460=LINE('',#2748,#620);
#461=LINE('',#2755,#621);
#462=LINE('',#2758,#622);
#463=LINE('',#2761,#623);
#464=LINE('',#2763,#624);
#465=LINE('',#2764,#625);
#466=LINE('',#2767,#626);
#467=LINE('',#2771,#627);
#468=LINE('',#2775,#628);
#469=LINE('',#2779,#629);
#470=LINE('',#2781,#630);
#471=LINE('',#2783,#631);
#472=LINE('',#2785,#632);
#473=LINE('',#2787,#633);
#474=LINE('',#2788,#634);
#475=LINE('',#2792,#635);
#476=LINE('',#2795,#636);
#477=LINE('',#2796,#637);
#478=LINE('',#2800,#638);
#479=LINE('',#2803,#639);
#480=LINE('',#2804,#640);
#481=LINE('',#2808,#641);
#482=LINE('',#2811,#642);
#483=LINE('',#2813,#643);
#484=LINE('',#2814,#644);
#485=LINE('',#2817,#645);
#486=LINE('',#2818,#646);
#487=LINE('',#2821,#647);
#488=LINE('',#2822,#648);
#489=LINE('',#2825,#649);
#490=LINE('',#2826,#650);
#491=LINE('',#2829,#651);
#492=LINE('',#2830,#652);
#493=LINE('',#2832,#653);
#494=LINE('',#2834,#654);
#495=VECTOR('',#1774,10.);
#496=VECTOR('',#1777,10.);
#497=VECTOR('',#1784,10.);
#498=VECTOR('',#1787,10.);
#499=VECTOR('',#1790,10.);
#500=VECTOR('',#1791,10.);
#501=VECTOR('',#1792,10.);
#502=VECTOR('',#1795,10.);
#503=VECTOR('',#1804,10.);
#504=VECTOR('',#1807,10.);
#505=VECTOR('',#1812,10.);
#506=VECTOR('',#1815,10.);
#507=VECTOR('',#1818,10.);
#508=VECTOR('',#1819,10.);
#509=VECTOR('',#1820,10.);
#510=VECTOR('',#1821,10.);
#511=VECTOR('',#1822,10.);
#512=VECTOR('',#1825,10.);
#513=VECTOR('',#1826,10.);
#514=VECTOR('',#1827,10.);
#515=VECTOR('',#1832,10.);
#516=VECTOR('',#1841,10.);
#517=VECTOR('',#1844,10.);
#518=VECTOR('',#1847,10.);
#519=VECTOR('',#1850,10.);
#520=VECTOR('',#1851,10.);
#521=VECTOR('',#1854,10.);
#522=VECTOR('',#1855,10.);
#523=VECTOR('',#1856,10.);
#524=VECTOR('',#1861,10.);
#525=VECTOR('',#1868,10.);
#526=VECTOR('',#1869,10.);
#527=VECTOR('',#1876,10.);
#528=VECTOR('',#1877,10.);
#529=VECTOR('',#1878,10.);
#530=VECTOR('',#1881,10.);
#531=VECTOR('',#1884,10.);
#532=VECTOR('',#1887,10.);
#533=VECTOR('',#1888,10.);
#534=VECTOR('',#1891,10.);
#535=VECTOR('',#1892,10.);
#536=VECTOR('',#1895,10.);
#537=VECTOR('',#1896,10.);
#538=VECTOR('',#1899,10.);
#539=VECTOR('',#1902,10.);
#540=VECTOR('',#1907,10.);
#541=VECTOR('',#1908,10.);
#542=VECTOR('',#1913,10.);
#543=VECTOR('',#1930,10.);
#544=VECTOR('',#1931,10.);
#545=VECTOR('',#1932,10.);
#546=VECTOR('',#1933,10.);
#547=VECTOR('',#1936,10.);
#548=VECTOR('',#1939,10.);
#549=VECTOR('',#1942,10.);
#550=VECTOR('',#1949,10.);
#551=VECTOR('',#1950,10.);
#552=VECTOR('',#1953,10.);
#553=VECTOR('',#1954,10.);
#554=VECTOR('',#1957,10.);
#555=VECTOR('',#1960,10.);
#556=VECTOR('',#1963,10.);
#557=VECTOR('',#1964,10.);
#558=VECTOR('',#1965,10.);
#559=VECTOR('',#1966,10.);
#560=VECTOR('',#1967,10.);
#561=VECTOR('',#1970,10.);
#562=VECTOR('',#1981,10.);
#563=VECTOR('',#1986,10.);
#564=VECTOR('',#1987,10.);
#565=VECTOR('',#1990,10.);
#566=VECTOR('',#1991,10.);
#567=VECTOR('',#1994,10.);
#568=VECTOR('',#1997,10.);
#569=VECTOR('',#1998,10.);
#570=VECTOR('',#2003,10.);
#571=VECTOR('',#2004,10.);
#572=VECTOR('',#2007,10.);
#573=VECTOR('',#2010,10.);
#574=VECTOR('',#2013,10.);
#575=VECTOR('',#2014,10.);
#576=VECTOR('',#2017,10.);
#577=VECTOR('',#2020,10.);
#578=VECTOR('',#2023,10.);
#579=VECTOR('',#2028,10.);
#580=VECTOR('',#2029,10.);
#581=VECTOR('',#2032,10.);
#582=VECTOR('',#2035,10.);
#583=VECTOR('',#2038,10.);
#584=VECTOR('',#2045,10.);
#585=VECTOR('',#2050,1.6);
#586=VECTOR('',#2053,1.6);
#587=VECTOR('',#2062,10.);
#588=VECTOR('',#2065,10.);
#589=VECTOR('',#2068,10.);
#590=VECTOR('',#2069,10.);
#591=VECTOR('',#2070,10.);
#592=VECTOR('',#2073,10.);
#593=VECTOR('',#2076,10.);
#594=VECTOR('',#2079,10.);
#595=VECTOR('',#2082,10.);
#596=VECTOR('',#2083,10.);
#597=VECTOR('',#2084,10.);
#598=VECTOR('',#2085,10.);
#599=VECTOR('',#2086,10.);
#600=VECTOR('',#2087,10.);
#601=VECTOR('',#2092,10.);
#602=VECTOR('',#2093,10.);
#603=VECTOR('',#2096,10.);
#604=VECTOR('',#2097,10.);
#605=VECTOR('',#2102,10.);
#606=VECTOR('',#2107,10.);
#607=VECTOR('',#2110,10.);
#608=VECTOR('',#2111,10.);
#609=VECTOR('',#2112,10.);
#610=VECTOR('',#2115,10.);
#611=VECTOR('',#2116,10.);
#612=VECTOR('',#2119,10.);
#613=VECTOR('',#2120,10.);
#614=VECTOR('',#2123,10.);
#615=VECTOR('',#2124,10.);
#616=VECTOR('',#2127,10.);
#617=VECTOR('',#2128,10.);
#618=VECTOR('',#2131,10.);
#619=VECTOR('',#2134,10.);
#620=VECTOR('',#2137,10.);
#621=VECTOR('',#2144,10.);
#622=VECTOR('',#2147,10.);
#623=VECTOR('',#2150,10.);
#624=VECTOR('',#2151,10.);
#625=VECTOR('',#2152,10.);
#626=VECTOR('',#2155,10.);
#627=VECTOR('',#2158,10.);
#628=VECTOR('',#2161,10.);
#629=VECTOR('',#2164,10.);
#630=VECTOR('',#2165,10.);
#631=VECTOR('',#2166,10.);
#632=VECTOR('',#2167,10.);
#633=VECTOR('',#2168,10.);
#634=VECTOR('',#2169,10.);
#635=VECTOR('',#2174,10.);
#636=VECTOR('',#2177,10.);
#637=VECTOR('',#2178,10.);
#638=VECTOR('',#2183,10.);
#639=VECTOR('',#2186,10.);
#640=VECTOR('',#2187,10.);
#641=VECTOR('',#2192,10.);
#642=VECTOR('',#2195,10.);
#643=VECTOR('',#2196,10.);
#644=VECTOR('',#2197,10.);
#645=VECTOR('',#2200,10.);
#646=VECTOR('',#2201,10.);
#647=VECTOR('',#2204,10.);
#648=VECTOR('',#2205,10.);
#649=VECTOR('',#2208,10.);
#650=VECTOR('',#2209,10.);
#651=VECTOR('',#2212,10.);
#652=VECTOR('',#2213,10.);
#653=VECTOR('',#2216,10.);
#654=VECTOR('',#2219,10.);
#655=VERTEX_POINT('',#2224);
#656=VERTEX_POINT('',#2225);
#657=VERTEX_POINT('',#2227);
#658=VERTEX_POINT('',#2229);
#659=VERTEX_POINT('',#2233);
#660=VERTEX_POINT('',#2234);
#661=VERTEX_POINT('',#2236);
#662=VERTEX_POINT('',#2238);
#663=VERTEX_POINT('',#2243);
#664=VERTEX_POINT('',#2247);
#665=VERTEX_POINT('',#2248);
#666=VERTEX_POINT('',#2253);
#667=VERTEX_POINT('',#2254);
#668=VERTEX_POINT('',#2256);
#669=VERTEX_POINT('',#2258);
#670=VERTEX_POINT('',#2262);
#671=VERTEX_POINT('',#2263);
#672=VERTEX_POINT('',#2265);
#673=VERTEX_POINT('',#2267);
#674=VERTEX_POINT('',#2271);
#675=VERTEX_POINT('',#2273);
#676=VERTEX_POINT('',#2275);
#677=VERTEX_POINT('',#2277);
#678=VERTEX_POINT('',#2281);
#679=VERTEX_POINT('',#2283);
#680=VERTEX_POINT('',#2287);
#681=VERTEX_POINT('',#2289);
#682=VERTEX_POINT('',#2293);
#683=VERTEX_POINT('',#2295);
#684=VERTEX_POINT('',#2299);
#685=VERTEX_POINT('',#2301);
#686=VERTEX_POINT('',#2303);
#687=VERTEX_POINT('',#2310);
#688=VERTEX_POINT('',#2319);
#689=VERTEX_POINT('',#2323);
#690=VERTEX_POINT('',#2325);
#691=VERTEX_POINT('',#2329);
#692=VERTEX_POINT('',#2331);
#693=VERTEX_POINT('',#2333);
#694=VERTEX_POINT('',#2342);
#695=VERTEX_POINT('',#2353);
#696=VERTEX_POINT('',#2355);
#697=VERTEX_POINT('',#2357);
#698=VERTEX_POINT('',#2364);
#699=VERTEX_POINT('',#2375);
#700=VERTEX_POINT('',#2390);
#701=VERTEX_POINT('',#2395);
#702=VERTEX_POINT('',#2397);
#703=VERTEX_POINT('',#2401);
#704=VERTEX_POINT('',#2403);
#705=VERTEX_POINT('',#2405);
#706=VERTEX_POINT('',#2407);
#707=VERTEX_POINT('',#2409);
#708=VERTEX_POINT('',#2413);
#709=VERTEX_POINT('',#2417);
#710=VERTEX_POINT('',#2422);
#711=VERTEX_POINT('',#2424);
#712=VERTEX_POINT('',#2428);
#713=VERTEX_POINT('',#2432);
#714=VERTEX_POINT('',#2462);
#715=VERTEX_POINT('',#2516);
#716=VERTEX_POINT('',#2520);
#717=VERTEX_POINT('',#2522);
#718=VERTEX_POINT('',#2524);
#719=VERTEX_POINT('',#2526);
#720=VERTEX_POINT('',#2528);
#721=VERTEX_POINT('',#2530);
#722=VERTEX_POINT('',#2532);
#723=VERTEX_POINT('',#2534);
#724=VERTEX_POINT('',#2536);
#725=VERTEX_POINT('',#2539);
#726=VERTEX_POINT('',#2541);
#727=VERTEX_POINT('',#2544);
#728=VERTEX_POINT('',#2549);
#729=VERTEX_POINT('',#2551);
#730=VERTEX_POINT('',#2553);
#731=VERTEX_POINT('',#2555);
#732=VERTEX_POINT('',#2557);
#733=VERTEX_POINT('',#2559);
#734=VERTEX_POINT('',#2561);
#735=VERTEX_POINT('',#2563);
#736=VERTEX_POINT('',#2565);
#737=VERTEX_POINT('',#2567);
#738=VERTEX_POINT('',#2569);
#739=VERTEX_POINT('',#2571);
#740=VERTEX_POINT('',#2573);
#741=VERTEX_POINT('',#2576);
#742=VERTEX_POINT('',#2578);
#743=VERTEX_POINT('',#2610);
#744=VERTEX_POINT('',#2614);
#745=VERTEX_POINT('',#2631);
#746=VERTEX_POINT('',#2642);
#747=VERTEX_POINT('',#2646);
#748=VERTEX_POINT('',#2648);
#749=VERTEX_POINT('',#2665);
#750=VERTEX_POINT('',#2666);
#751=VERTEX_POINT('',#2668);
#752=VERTEX_POINT('',#2670);
#753=VERTEX_POINT('',#2674);
#754=VERTEX_POINT('',#2676);
#755=VERTEX_POINT('',#2680);
#756=VERTEX_POINT('',#2682);
#757=VERTEX_POINT('',#2684);
#758=VERTEX_POINT('',#2686);
#759=VERTEX_POINT('',#2688);
#760=VERTEX_POINT('',#2691);
#761=VERTEX_POINT('',#2692);
#762=VERTEX_POINT('',#2694);
#763=VERTEX_POINT('',#2696);
#764=VERTEX_POINT('',#2698);
#765=VERTEX_POINT('',#2700);
#766=VERTEX_POINT('',#2704);
#767=VERTEX_POINT('',#2705);
#768=VERTEX_POINT('',#2710);
#769=VERTEX_POINT('',#2714);
#770=VERTEX_POINT('',#2718);
#771=VERTEX_POINT('',#2722);
#772=VERTEX_POINT('',#2724);
#773=VERTEX_POINT('',#2728);
#774=VERTEX_POINT('',#2732);
#775=VERTEX_POINT('',#2736);
#776=VERTEX_POINT('',#2740);
#777=VERTEX_POINT('',#2751);
#778=VERTEX_POINT('',#2752);
#779=VERTEX_POINT('',#2754);
#780=VERTEX_POINT('',#2756);
#781=VERTEX_POINT('',#2760);
#782=VERTEX_POINT('',#2762);
#783=VERTEX_POINT('',#2766);
#784=VERTEX_POINT('',#2768);
#785=VERTEX_POINT('',#2770);
#786=VERTEX_POINT('',#2772);
#787=VERTEX_POINT('',#2774);
#788=VERTEX_POINT('',#2777);
#789=VERTEX_POINT('',#2778);
#790=VERTEX_POINT('',#2780);
#791=VERTEX_POINT('',#2782);
#792=VERTEX_POINT('',#2784);
#793=VERTEX_POINT('',#2786);
#794=VERTEX_POINT('',#2790);
#795=VERTEX_POINT('',#2794);
#796=VERTEX_POINT('',#2798);
#797=VERTEX_POINT('',#2802);
#798=VERTEX_POINT('',#2806);
#799=VERTEX_POINT('',#2810);
#800=VERTEX_POINT('',#2812);
#801=VERTEX_POINT('',#2816);
#802=VERTEX_POINT('',#2820);
#803=VERTEX_POINT('',#2824);
#804=VERTEX_POINT('',#2828);
#805=EDGE_CURVE('',#655,#656,#335,.T.);
#806=EDGE_CURVE('',#657,#655,#287,.T.);
#807=EDGE_CURVE('',#657,#658,#336,.T.);
#808=EDGE_CURVE('',#658,#656,#288,.T.);
#809=EDGE_CURVE('',#659,#660,#92,.T.);
#810=EDGE_CURVE('',#661,#659,#337,.T.);
#811=EDGE_CURVE('',#662,#661,#289,.T.);
#812=EDGE_CURVE('',#660,#662,#338,.T.);
#813=EDGE_CURVE('',#661,#657,#339,.T.);
#814=EDGE_CURVE('',#663,#659,#340,.T.);
#815=EDGE_CURVE('',#663,#658,#341,.T.);
#816=EDGE_CURVE('',#664,#665,#342,.T.);
#817=EDGE_CURVE('',#656,#664,#290,.T.);
#818=EDGE_CURVE('',#665,#663,#291,.T.);
#819=EDGE_CURVE('',#666,#667,#93,.T.);
#820=EDGE_CURVE('',#668,#666,#343,.T.);
#821=EDGE_CURVE('',#669,#668,#292,.T.);
#822=EDGE_CURVE('',#667,#669,#344,.T.);
#823=EDGE_CURVE('',#670,#671,#293,.T.);
#824=EDGE_CURVE('',#672,#670,#345,.T.);
#825=EDGE_CURVE('',#673,#672,#294,.T.);
#826=EDGE_CURVE('',#671,#673,#346,.T.);
#827=EDGE_CURVE('',#668,#674,#347,.T.);
#828=EDGE_CURVE('',#675,#666,#348,.T.);
#829=EDGE_CURVE('',#675,#676,#349,.T.);
#830=EDGE_CURVE('',#677,#676,#350,.T.);
#831=EDGE_CURVE('',#674,#677,#351,.T.);
#832=EDGE_CURVE('',#678,#670,#352,.T.);
#833=EDGE_CURVE('',#679,#678,#353,.T.);
#834=EDGE_CURVE('',#672,#679,#354,.T.);
#835=EDGE_CURVE('',#680,#677,#94,.T.);
#836=EDGE_CURVE('',#681,#680,#355,.T.);
#837=EDGE_CURVE('',#674,#681,#295,.T.);
#838=EDGE_CURVE('',#676,#682,#296,.T.);
#839=EDGE_CURVE('',#683,#675,#297,.T.);
#840=EDGE_CURVE('',#682,#683,#356,.T.);
#841=EDGE_CURVE('',#664,#684,#357,.T.);
#842=EDGE_CURVE('',#685,#684,#298,.T.);
#843=EDGE_CURVE('',#686,#685,#31,.T.);
#844=EDGE_CURVE('',#687,#686,#32,.T.);
#845=EDGE_CURVE('',#656,#687,#358,.T.);
#846=EDGE_CURVE('',#665,#688,#359,.T.);
#847=EDGE_CURVE('',#684,#688,#360,.T.);
#848=EDGE_CURVE('',#683,#689,#361,.T.);
#849=EDGE_CURVE('',#690,#689,#362,.T.);
#850=EDGE_CURVE('',#682,#690,#363,.T.);
#851=EDGE_CURVE('',#691,#666,#95,.T.);
#852=EDGE_CURVE('',#692,#691,#364,.T.);
#853=EDGE_CURVE('',#693,#692,#33,.T.);
#854=EDGE_CURVE('',#694,#693,#34,.T.);
#855=EDGE_CURVE('',#689,#694,#299,.T.);
#856=EDGE_CURVE('',#695,#659,#96,.T.);
#857=EDGE_CURVE('',#696,#695,#365,.T.);
#858=EDGE_CURVE('',#697,#696,#35,.T.);
#859=EDGE_CURVE('',#698,#697,#36,.T.);
#860=EDGE_CURVE('',#699,#698,#37,.T.);
#861=EDGE_CURVE('',#700,#699,#366,.T.);
#862=EDGE_CURVE('',#677,#700,#97,.T.);
#863=EDGE_CURVE('',#688,#690,#300,.T.);
#864=EDGE_CURVE('',#695,#701,#367,.T.);
#865=EDGE_CURVE('',#702,#701,#368,.T.);
#866=EDGE_CURVE('',#696,#702,#369,.T.);
#867=EDGE_CURVE('',#660,#703,#370,.T.);
#868=EDGE_CURVE('',#704,#703,#98,.T.);
#869=EDGE_CURVE('',#704,#705,#371,.T.);
#870=EDGE_CURVE('',#706,#705,#99,.T.);
#871=EDGE_CURVE('',#707,#706,#372,.T.);
#872=EDGE_CURVE('',#707,#701,#373,.T.);
#873=EDGE_CURVE('',#667,#708,#374,.T.);
#874=EDGE_CURVE('',#691,#708,#375,.T.);
#875=EDGE_CURVE('',#708,#709,#376,.T.);
#876=EDGE_CURVE('',#692,#709,#377,.T.);
#877=EDGE_CURVE('',#655,#669,#378,.T.);
#878=EDGE_CURVE('',#710,#687,#301,.T.);
#879=EDGE_CURVE('',#711,#710,#379,.T.);
#880=EDGE_CURVE('',#709,#711,#302,.T.);
#881=EDGE_CURVE('',#712,#662,#380,.T.);
#882=EDGE_CURVE('',#703,#712,#381,.T.);
#883=EDGE_CURVE('',#686,#713,#303,.T.);
#884=EDGE_CURVE('',#713,#710,#382,.T.);
#885=EDGE_CURVE('',#702,#697,#304,.T.);
#886=EDGE_CURVE('',#693,#714,#305,.T.);
#887=EDGE_CURVE('',#714,#694,#100,.T.);
#888=EDGE_CURVE('',#685,#713,#101,.T.);
#889=EDGE_CURVE('',#702,#715,#102,.T.);
#890=EDGE_CURVE('',#715,#698,#306,.T.);
#891=EDGE_CURVE('',#671,#716,#383,.T.);
#892=EDGE_CURVE('',#716,#717,#384,.T.);
#893=EDGE_CURVE('',#717,#718,#385,.T.);
#894=EDGE_CURVE('',#718,#719,#386,.T.);
#895=EDGE_CURVE('',#720,#719,#307,.T.);
#896=EDGE_CURVE('',#720,#721,#387,.T.);
#897=EDGE_CURVE('',#722,#721,#308,.T.);
#898=EDGE_CURVE('',#722,#723,#388,.T.);
#899=EDGE_CURVE('',#724,#723,#309,.T.);
#900=EDGE_CURVE('',#724,#678,#389,.T.);
#901=EDGE_CURVE('',#725,#725,#310,.T.);
#902=EDGE_CURVE('',#726,#726,#311,.T.);
#903=EDGE_CURVE('',#727,#673,#390,.T.);
#904=EDGE_CURVE('',#727,#716,#391,.T.);
#905=EDGE_CURVE('',#681,#727,#392,.T.);
#906=EDGE_CURVE('',#679,#728,#393,.T.);
#907=EDGE_CURVE('',#729,#728,#312,.T.);
#908=EDGE_CURVE('',#729,#730,#394,.T.);
#909=EDGE_CURVE('',#731,#730,#313,.T.);
#910=EDGE_CURVE('',#731,#732,#395,.T.);
#911=EDGE_CURVE('',#733,#732,#314,.T.);
#912=EDGE_CURVE('',#733,#734,#396,.T.);
#913=EDGE_CURVE('',#734,#735,#397,.T.);
#914=EDGE_CURVE('',#735,#736,#398,.T.);
#915=EDGE_CURVE('',#736,#737,#399,.T.);
#916=EDGE_CURVE('',#737,#738,#400,.T.);
#917=EDGE_CURVE('',#739,#738,#315,.T.);
#918=EDGE_CURVE('',#739,#740,#401,.T.);
#919=EDGE_CURVE('',#712,#740,#316,.T.);
#920=EDGE_CURVE('',#741,#741,#317,.T.);
#921=EDGE_CURVE('',#742,#742,#318,.T.);
#922=EDGE_CURVE('',#715,#699,#103,.T.);
#923=EDGE_CURVE('',#711,#714,#402,.T.);
#924=EDGE_CURVE('',#737,#743,#403,.T.);
#925=EDGE_CURVE('',#736,#743,#404,.T.);
#926=EDGE_CURVE('',#744,#735,#405,.T.);
#927=EDGE_CURVE('',#743,#744,#406,.T.);
#928=EDGE_CURVE('',#744,#734,#407,.T.);
#929=EDGE_CURVE('',#723,#729,#408,.T.);
#930=EDGE_CURVE('',#728,#724,#409,.T.);
#931=EDGE_CURVE('',#721,#731,#410,.T.);
#932=EDGE_CURVE('',#730,#722,#411,.T.);
#933=EDGE_CURVE('',#732,#720,#412,.T.);
#934=EDGE_CURVE('',#719,#733,#413,.T.);
#935=EDGE_CURVE('',#745,#718,#414,.T.);
#936=EDGE_CURVE('',#738,#745,#415,.T.);
#937=EDGE_CURVE('',#740,#704,#416,.T.);
#938=EDGE_CURVE('',#717,#680,#417,.T.);
#939=EDGE_CURVE('',#705,#739,#418,.T.);
#940=EDGE_CURVE('',#745,#706,#104,.T.);
#941=EDGE_CURVE('',#746,#718,#419,.T.);
#942=EDGE_CURVE('',#746,#707,#420,.T.);
#943=EDGE_CURVE('',#747,#715,#421,.T.);
#944=EDGE_CURVE('',#747,#748,#105,.F.);
#945=EDGE_CURVE('',#748,#699,#422,.T.);
#946=EDGE_CURVE('',#748,#700,#423,.T.);
#947=EDGE_CURVE('',#747,#701,#106,.T.);
#948=EDGE_CURVE('',#746,#748,#424,.T.);
#949=EDGE_CURVE('',#742,#725,#425,.T.);
#950=EDGE_CURVE('',#741,#726,#426,.T.);
#951=EDGE_CURVE('',#749,#750,#319,.T.);
#952=EDGE_CURVE('',#750,#751,#427,.T.);
#953=EDGE_CURVE('',#751,#752,#320,.T.);
#954=EDGE_CURVE('',#752,#749,#428,.T.);
#955=EDGE_CURVE('',#753,#752,#429,.T.);
#956=EDGE_CURVE('',#754,#753,#430,.T.);
#957=EDGE_CURVE('',#749,#754,#431,.T.);
#958=EDGE_CURVE('',#751,#755,#432,.T.);
#959=EDGE_CURVE('',#756,#755,#321,.T.);
#960=EDGE_CURVE('',#756,#757,#433,.T.);
#961=EDGE_CURVE('',#758,#757,#322,.T.);
#962=EDGE_CURVE('',#758,#759,#434,.T.);
#963=EDGE_CURVE('',#753,#759,#323,.T.);
#964=EDGE_CURVE('',#760,#761,#435,.T.);
#965=EDGE_CURVE('',#762,#760,#436,.T.);
#966=EDGE_CURVE('',#763,#762,#437,.T.);
#967=EDGE_CURVE('',#764,#763,#438,.T.);
#968=EDGE_CURVE('',#765,#764,#439,.T.);
#969=EDGE_CURVE('',#761,#765,#440,.T.);
#970=EDGE_CURVE('',#766,#767,#324,.T.);
#971=EDGE_CURVE('',#767,#756,#441,.T.);
#972=EDGE_CURVE('',#755,#766,#442,.T.);
#973=EDGE_CURVE('',#768,#767,#443,.T.);
#974=EDGE_CURVE('',#757,#768,#444,.T.);
#975=EDGE_CURVE('',#768,#769,#325,.T.);
#976=EDGE_CURVE('',#769,#758,#445,.T.);
#977=EDGE_CURVE('',#770,#754,#326,.T.);
#978=EDGE_CURVE('',#759,#770,#446,.T.);
#979=EDGE_CURVE('',#760,#771,#447,.T.);
#980=EDGE_CURVE('',#772,#771,#448,.T.);
#981=EDGE_CURVE('',#762,#772,#449,.T.);
#982=EDGE_CURVE('',#773,#772,#450,.T.);
#983=EDGE_CURVE('',#763,#773,#451,.T.);
#984=EDGE_CURVE('',#774,#773,#452,.T.);
#985=EDGE_CURVE('',#764,#774,#453,.T.);
#986=EDGE_CURVE('',#775,#774,#454,.T.);
#987=EDGE_CURVE('',#765,#775,#455,.T.);
#988=EDGE_CURVE('',#776,#775,#456,.T.);
#989=EDGE_CURVE('',#761,#776,#457,.T.);
#990=EDGE_CURVE('',#771,#776,#458,.T.);
#991=EDGE_CURVE('',#770,#769,#459,.T.);
#992=EDGE_CURVE('',#766,#750,#460,.T.);
#993=EDGE_CURVE('',#777,#778,#327,.T.);
#994=EDGE_CURVE('',#778,#779,#461,.T.);
#995=EDGE_CURVE('',#779,#780,#328,.T.);
#996=EDGE_CURVE('',#780,#777,#462,.T.);
#997=EDGE_CURVE('',#781,#780,#463,.T.);
#998=EDGE_CURVE('',#782,#781,#464,.T.);
#999=EDGE_CURVE('',#777,#782,#465,.T.);
#1000=EDGE_CURVE('',#779,#783,#466,.T.);
#1001=EDGE_CURVE('',#784,#783,#329,.T.);
#1002=EDGE_CURVE('',#784,#785,#467,.T.);
#1003=EDGE_CURVE('',#786,#785,#330,.T.);
#1004=EDGE_CURVE('',#786,#787,#468,.T.);
#1005=EDGE_CURVE('',#781,#787,#331,.T.);
#1006=EDGE_CURVE('',#788,#789,#469,.T.);
#1007=EDGE_CURVE('',#790,#788,#470,.T.);
#1008=EDGE_CURVE('',#791,#790,#471,.T.);
#1009=EDGE_CURVE('',#792,#791,#472,.T.);
#1010=EDGE_CURVE('',#793,#792,#473,.T.);
#1011=EDGE_CURVE('',#789,#793,#474,.T.);
#1012=EDGE_CURVE('',#794,#782,#332,.T.);
#1013=EDGE_CURVE('',#787,#794,#475,.T.);
#1014=EDGE_CURVE('',#795,#786,#476,.T.);
#1015=EDGE_CURVE('',#794,#795,#477,.T.);
#1016=EDGE_CURVE('',#796,#795,#333,.T.);
#1017=EDGE_CURVE('',#785,#796,#478,.T.);
#1018=EDGE_CURVE('',#797,#784,#479,.T.);
#1019=EDGE_CURVE('',#796,#797,#480,.T.);
#1020=EDGE_CURVE('',#798,#797,#334,.T.);
#1021=EDGE_CURVE('',#783,#798,#481,.T.);
#1022=EDGE_CURVE('',#788,#799,#482,.T.);
#1023=EDGE_CURVE('',#800,#799,#483,.T.);
#1024=EDGE_CURVE('',#790,#800,#484,.T.);
#1025=EDGE_CURVE('',#801,#800,#485,.T.);
#1026=EDGE_CURVE('',#791,#801,#486,.T.);
#1027=EDGE_CURVE('',#802,#801,#487,.T.);
#1028=EDGE_CURVE('',#792,#802,#488,.T.);
#1029=EDGE_CURVE('',#803,#802,#489,.T.);
#1030=EDGE_CURVE('',#793,#803,#490,.T.);
#1031=EDGE_CURVE('',#804,#803,#491,.T.);
#1032=EDGE_CURVE('',#789,#804,#492,.T.);
#1033=EDGE_CURVE('',#799,#804,#493,.T.);
#1034=EDGE_CURVE('',#798,#778,#494,.T.);
#1035=ORIENTED_EDGE('',*,*,#805,.F.);
#1036=ORIENTED_EDGE('',*,*,#806,.F.);
#1037=ORIENTED_EDGE('',*,*,#807,.T.);
#1038=ORIENTED_EDGE('',*,*,#808,.T.);
#1039=ORIENTED_EDGE('',*,*,#809,.F.);
#1040=ORIENTED_EDGE('',*,*,#810,.F.);
#1041=ORIENTED_EDGE('',*,*,#811,.F.);
#1042=ORIENTED_EDGE('',*,*,#812,.F.);
#1043=ORIENTED_EDGE('',*,*,#813,.F.);
#1044=ORIENTED_EDGE('',*,*,#810,.T.);
#1045=ORIENTED_EDGE('',*,*,#814,.F.);
#1046=ORIENTED_EDGE('',*,*,#815,.T.);
#1047=ORIENTED_EDGE('',*,*,#807,.F.);
#1048=ORIENTED_EDGE('',*,*,#816,.F.);
#1049=ORIENTED_EDGE('',*,*,#817,.F.);
#1050=ORIENTED_EDGE('',*,*,#808,.F.);
#1051=ORIENTED_EDGE('',*,*,#815,.F.);
#1052=ORIENTED_EDGE('',*,*,#818,.F.);
#1053=ORIENTED_EDGE('',*,*,#819,.F.);
#1054=ORIENTED_EDGE('',*,*,#820,.F.);
#1055=ORIENTED_EDGE('',*,*,#821,.F.);
#1056=ORIENTED_EDGE('',*,*,#822,.F.);
#1057=ORIENTED_EDGE('',*,*,#823,.F.);
#1058=ORIENTED_EDGE('',*,*,#824,.F.);
#1059=ORIENTED_EDGE('',*,*,#825,.F.);
#1060=ORIENTED_EDGE('',*,*,#826,.F.);
#1061=ORIENTED_EDGE('',*,*,#827,.F.);
#1062=ORIENTED_EDGE('',*,*,#820,.T.);
#1063=ORIENTED_EDGE('',*,*,#828,.F.);
#1064=ORIENTED_EDGE('',*,*,#829,.T.);
#1065=ORIENTED_EDGE('',*,*,#830,.F.);
#1066=ORIENTED_EDGE('',*,*,#831,.F.);
#1067=ORIENTED_EDGE('',*,*,#832,.F.);
#1068=ORIENTED_EDGE('',*,*,#833,.F.);
#1069=ORIENTED_EDGE('',*,*,#834,.F.);
#1070=ORIENTED_EDGE('',*,*,#824,.T.);
#1071=ORIENTED_EDGE('',*,*,#835,.F.);
#1072=ORIENTED_EDGE('',*,*,#836,.F.);
#1073=ORIENTED_EDGE('',*,*,#837,.F.);
#1074=ORIENTED_EDGE('',*,*,#831,.T.);
#1075=ORIENTED_EDGE('',*,*,#838,.F.);
#1076=ORIENTED_EDGE('',*,*,#829,.F.);
#1077=ORIENTED_EDGE('',*,*,#839,.F.);
#1078=ORIENTED_EDGE('',*,*,#840,.F.);
#1079=ORIENTED_EDGE('',*,*,#817,.T.);
#1080=ORIENTED_EDGE('',*,*,#841,.T.);
#1081=ORIENTED_EDGE('',*,*,#842,.F.);
#1082=ORIENTED_EDGE('',*,*,#843,.F.);
#1083=ORIENTED_EDGE('',*,*,#844,.F.);
#1084=ORIENTED_EDGE('',*,*,#845,.F.);
#1085=ORIENTED_EDGE('',*,*,#816,.T.);
#1086=ORIENTED_EDGE('',*,*,#846,.T.);
#1087=ORIENTED_EDGE('',*,*,#847,.F.);
#1088=ORIENTED_EDGE('',*,*,#841,.F.);
#1089=ORIENTED_EDGE('',*,*,#840,.T.);
#1090=ORIENTED_EDGE('',*,*,#848,.T.);
#1091=ORIENTED_EDGE('',*,*,#849,.F.);
#1092=ORIENTED_EDGE('',*,*,#850,.F.);
#1093=ORIENTED_EDGE('',*,*,#828,.T.);
#1094=ORIENTED_EDGE('',*,*,#851,.F.);
#1095=ORIENTED_EDGE('',*,*,#852,.F.);
#1096=ORIENTED_EDGE('',*,*,#853,.F.);
#1097=ORIENTED_EDGE('',*,*,#854,.F.);
#1098=ORIENTED_EDGE('',*,*,#855,.F.);
#1099=ORIENTED_EDGE('',*,*,#848,.F.);
#1100=ORIENTED_EDGE('',*,*,#839,.T.);
#1101=ORIENTED_EDGE('',*,*,#814,.T.);
#1102=ORIENTED_EDGE('',*,*,#856,.F.);
#1103=ORIENTED_EDGE('',*,*,#857,.F.);
#1104=ORIENTED_EDGE('',*,*,#858,.F.);
#1105=ORIENTED_EDGE('',*,*,#859,.F.);
#1106=ORIENTED_EDGE('',*,*,#860,.F.);
#1107=ORIENTED_EDGE('',*,*,#861,.F.);
#1108=ORIENTED_EDGE('',*,*,#862,.F.);
#1109=ORIENTED_EDGE('',*,*,#830,.T.);
#1110=ORIENTED_EDGE('',*,*,#838,.T.);
#1111=ORIENTED_EDGE('',*,*,#850,.T.);
#1112=ORIENTED_EDGE('',*,*,#863,.F.);
#1113=ORIENTED_EDGE('',*,*,#846,.F.);
#1114=ORIENTED_EDGE('',*,*,#818,.T.);
#1115=ORIENTED_EDGE('',*,*,#857,.T.);
#1116=ORIENTED_EDGE('',*,*,#864,.T.);
#1117=ORIENTED_EDGE('',*,*,#865,.F.);
#1118=ORIENTED_EDGE('',*,*,#866,.F.);
#1119=ORIENTED_EDGE('',*,*,#856,.T.);
#1120=ORIENTED_EDGE('',*,*,#809,.T.);
#1121=ORIENTED_EDGE('',*,*,#867,.T.);
#1122=ORIENTED_EDGE('',*,*,#868,.F.);
#1123=ORIENTED_EDGE('',*,*,#869,.T.);
#1124=ORIENTED_EDGE('',*,*,#870,.F.);
#1125=ORIENTED_EDGE('',*,*,#871,.F.);
#1126=ORIENTED_EDGE('',*,*,#872,.T.);
#1127=ORIENTED_EDGE('',*,*,#864,.F.);
#1128=ORIENTED_EDGE('',*,*,#851,.T.);
#1129=ORIENTED_EDGE('',*,*,#819,.T.);
#1130=ORIENTED_EDGE('',*,*,#873,.T.);
#1131=ORIENTED_EDGE('',*,*,#874,.F.);
#1132=ORIENTED_EDGE('',*,*,#852,.T.);
#1133=ORIENTED_EDGE('',*,*,#874,.T.);
#1134=ORIENTED_EDGE('',*,*,#875,.T.);
#1135=ORIENTED_EDGE('',*,*,#876,.F.);
#1136=ORIENTED_EDGE('',*,*,#822,.T.);
#1137=ORIENTED_EDGE('',*,*,#877,.F.);
#1138=ORIENTED_EDGE('',*,*,#805,.T.);
#1139=ORIENTED_EDGE('',*,*,#845,.T.);
#1140=ORIENTED_EDGE('',*,*,#878,.F.);
#1141=ORIENTED_EDGE('',*,*,#879,.F.);
#1142=ORIENTED_EDGE('',*,*,#880,.F.);
#1143=ORIENTED_EDGE('',*,*,#875,.F.);
#1144=ORIENTED_EDGE('',*,*,#873,.F.);
#1145=ORIENTED_EDGE('',*,*,#812,.T.);
#1146=ORIENTED_EDGE('',*,*,#881,.F.);
#1147=ORIENTED_EDGE('',*,*,#882,.F.);
#1148=ORIENTED_EDGE('',*,*,#867,.F.);
#1149=ORIENTED_EDGE('',*,*,#844,.T.);
#1150=ORIENTED_EDGE('',*,*,#883,.T.);
#1151=ORIENTED_EDGE('',*,*,#884,.T.);
#1152=ORIENTED_EDGE('',*,*,#878,.T.);
#1153=ORIENTED_EDGE('',*,*,#858,.T.);
#1154=ORIENTED_EDGE('',*,*,#866,.T.);
#1155=ORIENTED_EDGE('',*,*,#885,.T.);
#1156=ORIENTED_EDGE('',*,*,#854,.T.);
#1157=ORIENTED_EDGE('',*,*,#886,.T.);
#1158=ORIENTED_EDGE('',*,*,#887,.T.);
#1159=ORIENTED_EDGE('',*,*,#843,.T.);
#1160=ORIENTED_EDGE('',*,*,#888,.T.);
#1161=ORIENTED_EDGE('',*,*,#883,.F.);
#1162=ORIENTED_EDGE('',*,*,#859,.T.);
#1163=ORIENTED_EDGE('',*,*,#885,.F.);
#1164=ORIENTED_EDGE('',*,*,#889,.T.);
#1165=ORIENTED_EDGE('',*,*,#890,.T.);
#1166=ORIENTED_EDGE('',*,*,#832,.T.);
#1167=ORIENTED_EDGE('',*,*,#823,.T.);
#1168=ORIENTED_EDGE('',*,*,#891,.T.);
#1169=ORIENTED_EDGE('',*,*,#892,.T.);
#1170=ORIENTED_EDGE('',*,*,#893,.T.);
#1171=ORIENTED_EDGE('',*,*,#894,.T.);
#1172=ORIENTED_EDGE('',*,*,#895,.F.);
#1173=ORIENTED_EDGE('',*,*,#896,.T.);
#1174=ORIENTED_EDGE('',*,*,#897,.F.);
#1175=ORIENTED_EDGE('',*,*,#898,.T.);
#1176=ORIENTED_EDGE('',*,*,#899,.F.);
#1177=ORIENTED_EDGE('',*,*,#900,.T.);
#1178=ORIENTED_EDGE('',*,*,#901,.T.);
#1179=ORIENTED_EDGE('',*,*,#902,.T.);
#1180=ORIENTED_EDGE('',*,*,#826,.T.);
#1181=ORIENTED_EDGE('',*,*,#903,.F.);
#1182=ORIENTED_EDGE('',*,*,#904,.T.);
#1183=ORIENTED_EDGE('',*,*,#891,.F.);
#1184=ORIENTED_EDGE('',*,*,#806,.T.);
#1185=ORIENTED_EDGE('',*,*,#877,.T.);
#1186=ORIENTED_EDGE('',*,*,#821,.T.);
#1187=ORIENTED_EDGE('',*,*,#827,.T.);
#1188=ORIENTED_EDGE('',*,*,#837,.T.);
#1189=ORIENTED_EDGE('',*,*,#905,.T.);
#1190=ORIENTED_EDGE('',*,*,#903,.T.);
#1191=ORIENTED_EDGE('',*,*,#825,.T.);
#1192=ORIENTED_EDGE('',*,*,#834,.T.);
#1193=ORIENTED_EDGE('',*,*,#906,.T.);
#1194=ORIENTED_EDGE('',*,*,#907,.F.);
#1195=ORIENTED_EDGE('',*,*,#908,.T.);
#1196=ORIENTED_EDGE('',*,*,#909,.F.);
#1197=ORIENTED_EDGE('',*,*,#910,.T.);
#1198=ORIENTED_EDGE('',*,*,#911,.F.);
#1199=ORIENTED_EDGE('',*,*,#912,.T.);
#1200=ORIENTED_EDGE('',*,*,#913,.T.);
#1201=ORIENTED_EDGE('',*,*,#914,.T.);
#1202=ORIENTED_EDGE('',*,*,#915,.T.);
#1203=ORIENTED_EDGE('',*,*,#916,.T.);
#1204=ORIENTED_EDGE('',*,*,#917,.F.);
#1205=ORIENTED_EDGE('',*,*,#918,.T.);
#1206=ORIENTED_EDGE('',*,*,#919,.F.);
#1207=ORIENTED_EDGE('',*,*,#881,.T.);
#1208=ORIENTED_EDGE('',*,*,#811,.T.);
#1209=ORIENTED_EDGE('',*,*,#813,.T.);
#1210=ORIENTED_EDGE('',*,*,#920,.F.);
#1211=ORIENTED_EDGE('',*,*,#921,.F.);
#1212=ORIENTED_EDGE('',*,*,#860,.T.);
#1213=ORIENTED_EDGE('',*,*,#890,.F.);
#1214=ORIENTED_EDGE('',*,*,#922,.T.);
#1215=ORIENTED_EDGE('',*,*,#853,.T.);
#1216=ORIENTED_EDGE('',*,*,#876,.T.);
#1217=ORIENTED_EDGE('',*,*,#880,.T.);
#1218=ORIENTED_EDGE('',*,*,#923,.T.);
#1219=ORIENTED_EDGE('',*,*,#886,.F.);
#1220=ORIENTED_EDGE('',*,*,#842,.T.);
#1221=ORIENTED_EDGE('',*,*,#847,.T.);
#1222=ORIENTED_EDGE('',*,*,#863,.T.);
#1223=ORIENTED_EDGE('',*,*,#849,.T.);
#1224=ORIENTED_EDGE('',*,*,#855,.T.);
#1225=ORIENTED_EDGE('',*,*,#887,.F.);
#1226=ORIENTED_EDGE('',*,*,#923,.F.);
#1227=ORIENTED_EDGE('',*,*,#879,.T.);
#1228=ORIENTED_EDGE('',*,*,#884,.F.);
#1229=ORIENTED_EDGE('',*,*,#888,.F.);
#1230=ORIENTED_EDGE('',*,*,#924,.F.);
#1231=ORIENTED_EDGE('',*,*,#915,.F.);
#1232=ORIENTED_EDGE('',*,*,#925,.T.);
#1233=ORIENTED_EDGE('',*,*,#925,.F.);
#1234=ORIENTED_EDGE('',*,*,#914,.F.);
#1235=ORIENTED_EDGE('',*,*,#926,.F.);
#1236=ORIENTED_EDGE('',*,*,#927,.F.);
#1237=ORIENTED_EDGE('',*,*,#928,.F.);
#1238=ORIENTED_EDGE('',*,*,#926,.T.);
#1239=ORIENTED_EDGE('',*,*,#913,.F.);
#1240=ORIENTED_EDGE('',*,*,#899,.T.);
#1241=ORIENTED_EDGE('',*,*,#929,.T.);
#1242=ORIENTED_EDGE('',*,*,#907,.T.);
#1243=ORIENTED_EDGE('',*,*,#930,.T.);
#1244=ORIENTED_EDGE('',*,*,#833,.T.);
#1245=ORIENTED_EDGE('',*,*,#900,.F.);
#1246=ORIENTED_EDGE('',*,*,#930,.F.);
#1247=ORIENTED_EDGE('',*,*,#906,.F.);
#1248=ORIENTED_EDGE('',*,*,#897,.T.);
#1249=ORIENTED_EDGE('',*,*,#931,.T.);
#1250=ORIENTED_EDGE('',*,*,#909,.T.);
#1251=ORIENTED_EDGE('',*,*,#932,.T.);
#1252=ORIENTED_EDGE('',*,*,#931,.F.);
#1253=ORIENTED_EDGE('',*,*,#896,.F.);
#1254=ORIENTED_EDGE('',*,*,#933,.F.);
#1255=ORIENTED_EDGE('',*,*,#910,.F.);
#1256=ORIENTED_EDGE('',*,*,#895,.T.);
#1257=ORIENTED_EDGE('',*,*,#934,.T.);
#1258=ORIENTED_EDGE('',*,*,#911,.T.);
#1259=ORIENTED_EDGE('',*,*,#933,.T.);
#1260=ORIENTED_EDGE('',*,*,#928,.T.);
#1261=ORIENTED_EDGE('',*,*,#912,.F.);
#1262=ORIENTED_EDGE('',*,*,#934,.F.);
#1263=ORIENTED_EDGE('',*,*,#894,.F.);
#1264=ORIENTED_EDGE('',*,*,#935,.F.);
#1265=ORIENTED_EDGE('',*,*,#936,.F.);
#1266=ORIENTED_EDGE('',*,*,#916,.F.);
#1267=ORIENTED_EDGE('',*,*,#924,.T.);
#1268=ORIENTED_EDGE('',*,*,#927,.T.);
#1269=ORIENTED_EDGE('',*,*,#868,.T.);
#1270=ORIENTED_EDGE('',*,*,#882,.T.);
#1271=ORIENTED_EDGE('',*,*,#919,.T.);
#1272=ORIENTED_EDGE('',*,*,#937,.T.);
#1273=ORIENTED_EDGE('',*,*,#836,.T.);
#1274=ORIENTED_EDGE('',*,*,#938,.F.);
#1275=ORIENTED_EDGE('',*,*,#892,.F.);
#1276=ORIENTED_EDGE('',*,*,#904,.F.);
#1277=ORIENTED_EDGE('',*,*,#905,.F.);
#1278=ORIENTED_EDGE('',*,*,#870,.T.);
#1279=ORIENTED_EDGE('',*,*,#939,.T.);
#1280=ORIENTED_EDGE('',*,*,#917,.T.);
#1281=ORIENTED_EDGE('',*,*,#936,.T.);
#1282=ORIENTED_EDGE('',*,*,#940,.T.);
#1283=ORIENTED_EDGE('',*,*,#940,.F.);
#1284=ORIENTED_EDGE('',*,*,#935,.T.);
#1285=ORIENTED_EDGE('',*,*,#941,.F.);
#1286=ORIENTED_EDGE('',*,*,#942,.T.);
#1287=ORIENTED_EDGE('',*,*,#871,.T.);
#1288=ORIENTED_EDGE('',*,*,#922,.F.);
#1289=ORIENTED_EDGE('',*,*,#943,.F.);
#1290=ORIENTED_EDGE('',*,*,#944,.T.);
#1291=ORIENTED_EDGE('',*,*,#945,.T.);
#1292=ORIENTED_EDGE('',*,*,#861,.T.);
#1293=ORIENTED_EDGE('',*,*,#945,.F.);
#1294=ORIENTED_EDGE('',*,*,#946,.T.);
#1295=ORIENTED_EDGE('',*,*,#889,.F.);
#1296=ORIENTED_EDGE('',*,*,#865,.T.);
#1297=ORIENTED_EDGE('',*,*,#947,.F.);
#1298=ORIENTED_EDGE('',*,*,#943,.T.);
#1299=ORIENTED_EDGE('',*,*,#835,.T.);
#1300=ORIENTED_EDGE('',*,*,#862,.T.);
#1301=ORIENTED_EDGE('',*,*,#946,.F.);
#1302=ORIENTED_EDGE('',*,*,#948,.F.);
#1303=ORIENTED_EDGE('',*,*,#941,.T.);
#1304=ORIENTED_EDGE('',*,*,#893,.F.);
#1305=ORIENTED_EDGE('',*,*,#938,.T.);
#1306=ORIENTED_EDGE('',*,*,#872,.F.);
#1307=ORIENTED_EDGE('',*,*,#942,.F.);
#1308=ORIENTED_EDGE('',*,*,#948,.T.);
#1309=ORIENTED_EDGE('',*,*,#944,.F.);
#1310=ORIENTED_EDGE('',*,*,#947,.T.);
#1311=ORIENTED_EDGE('',*,*,#921,.T.);
#1312=ORIENTED_EDGE('',*,*,#949,.T.);
#1313=ORIENTED_EDGE('',*,*,#901,.F.);
#1314=ORIENTED_EDGE('',*,*,#949,.F.);
#1315=ORIENTED_EDGE('',*,*,#920,.T.);
#1316=ORIENTED_EDGE('',*,*,#950,.T.);
#1317=ORIENTED_EDGE('',*,*,#902,.F.);
#1318=ORIENTED_EDGE('',*,*,#950,.F.);
#1319=ORIENTED_EDGE('',*,*,#929,.F.);
#1320=ORIENTED_EDGE('',*,*,#898,.F.);
#1321=ORIENTED_EDGE('',*,*,#932,.F.);
#1322=ORIENTED_EDGE('',*,*,#908,.F.);
#1323=ORIENTED_EDGE('',*,*,#937,.F.);
#1324=ORIENTED_EDGE('',*,*,#918,.F.);
#1325=ORIENTED_EDGE('',*,*,#939,.F.);
#1326=ORIENTED_EDGE('',*,*,#869,.F.);
#1327=ORIENTED_EDGE('',*,*,#951,.T.);
#1328=ORIENTED_EDGE('',*,*,#952,.T.);
#1329=ORIENTED_EDGE('',*,*,#953,.T.);
#1330=ORIENTED_EDGE('',*,*,#954,.T.);
#1331=ORIENTED_EDGE('',*,*,#954,.F.);
#1332=ORIENTED_EDGE('',*,*,#955,.F.);
#1333=ORIENTED_EDGE('',*,*,#956,.F.);
#1334=ORIENTED_EDGE('',*,*,#957,.F.);
#1335=ORIENTED_EDGE('',*,*,#953,.F.);
#1336=ORIENTED_EDGE('',*,*,#958,.T.);
#1337=ORIENTED_EDGE('',*,*,#959,.F.);
#1338=ORIENTED_EDGE('',*,*,#960,.T.);
#1339=ORIENTED_EDGE('',*,*,#961,.F.);
#1340=ORIENTED_EDGE('',*,*,#962,.T.);
#1341=ORIENTED_EDGE('',*,*,#963,.F.);
#1342=ORIENTED_EDGE('',*,*,#955,.T.);
#1343=ORIENTED_EDGE('',*,*,#964,.F.);
#1344=ORIENTED_EDGE('',*,*,#965,.F.);
#1345=ORIENTED_EDGE('',*,*,#966,.F.);
#1346=ORIENTED_EDGE('',*,*,#967,.F.);
#1347=ORIENTED_EDGE('',*,*,#968,.F.);
#1348=ORIENTED_EDGE('',*,*,#969,.F.);
#1349=ORIENTED_EDGE('',*,*,#970,.T.);
#1350=ORIENTED_EDGE('',*,*,#971,.T.);
#1351=ORIENTED_EDGE('',*,*,#959,.T.);
#1352=ORIENTED_EDGE('',*,*,#972,.T.);
#1353=ORIENTED_EDGE('',*,*,#971,.F.);
#1354=ORIENTED_EDGE('',*,*,#973,.F.);
#1355=ORIENTED_EDGE('',*,*,#974,.F.);
#1356=ORIENTED_EDGE('',*,*,#960,.F.);
#1357=ORIENTED_EDGE('',*,*,#975,.T.);
#1358=ORIENTED_EDGE('',*,*,#976,.T.);
#1359=ORIENTED_EDGE('',*,*,#961,.T.);
#1360=ORIENTED_EDGE('',*,*,#974,.T.);
#1361=ORIENTED_EDGE('',*,*,#977,.T.);
#1362=ORIENTED_EDGE('',*,*,#956,.T.);
#1363=ORIENTED_EDGE('',*,*,#963,.T.);
#1364=ORIENTED_EDGE('',*,*,#978,.T.);
#1365=ORIENTED_EDGE('',*,*,#965,.T.);
#1366=ORIENTED_EDGE('',*,*,#979,.T.);
#1367=ORIENTED_EDGE('',*,*,#980,.F.);
#1368=ORIENTED_EDGE('',*,*,#981,.F.);
#1369=ORIENTED_EDGE('',*,*,#966,.T.);
#1370=ORIENTED_EDGE('',*,*,#981,.T.);
#1371=ORIENTED_EDGE('',*,*,#982,.F.);
#1372=ORIENTED_EDGE('',*,*,#983,.F.);
#1373=ORIENTED_EDGE('',*,*,#967,.T.);
#1374=ORIENTED_EDGE('',*,*,#983,.T.);
#1375=ORIENTED_EDGE('',*,*,#984,.F.);
#1376=ORIENTED_EDGE('',*,*,#985,.F.);
#1377=ORIENTED_EDGE('',*,*,#968,.T.);
#1378=ORIENTED_EDGE('',*,*,#985,.T.);
#1379=ORIENTED_EDGE('',*,*,#986,.F.);
#1380=ORIENTED_EDGE('',*,*,#987,.F.);
#1381=ORIENTED_EDGE('',*,*,#969,.T.);
#1382=ORIENTED_EDGE('',*,*,#987,.T.);
#1383=ORIENTED_EDGE('',*,*,#988,.F.);
#1384=ORIENTED_EDGE('',*,*,#989,.F.);
#1385=ORIENTED_EDGE('',*,*,#964,.T.);
#1386=ORIENTED_EDGE('',*,*,#989,.T.);
#1387=ORIENTED_EDGE('',*,*,#990,.F.);
#1388=ORIENTED_EDGE('',*,*,#979,.F.);
#1389=ORIENTED_EDGE('',*,*,#976,.F.);
#1390=ORIENTED_EDGE('',*,*,#991,.F.);
#1391=ORIENTED_EDGE('',*,*,#978,.F.);
#1392=ORIENTED_EDGE('',*,*,#962,.F.);
#1393=ORIENTED_EDGE('',*,*,#952,.F.);
#1394=ORIENTED_EDGE('',*,*,#992,.F.);
#1395=ORIENTED_EDGE('',*,*,#972,.F.);
#1396=ORIENTED_EDGE('',*,*,#958,.F.);
#1397=ORIENTED_EDGE('',*,*,#951,.F.);
#1398=ORIENTED_EDGE('',*,*,#957,.T.);
#1399=ORIENTED_EDGE('',*,*,#977,.F.);
#1400=ORIENTED_EDGE('',*,*,#991,.T.);
#1401=ORIENTED_EDGE('',*,*,#975,.F.);
#1402=ORIENTED_EDGE('',*,*,#973,.T.);
#1403=ORIENTED_EDGE('',*,*,#970,.F.);
#1404=ORIENTED_EDGE('',*,*,#992,.T.);
#1405=ORIENTED_EDGE('',*,*,#990,.T.);
#1406=ORIENTED_EDGE('',*,*,#988,.T.);
#1407=ORIENTED_EDGE('',*,*,#986,.T.);
#1408=ORIENTED_EDGE('',*,*,#984,.T.);
#1409=ORIENTED_EDGE('',*,*,#982,.T.);
#1410=ORIENTED_EDGE('',*,*,#980,.T.);
#1411=ORIENTED_EDGE('',*,*,#993,.T.);
#1412=ORIENTED_EDGE('',*,*,#994,.T.);
#1413=ORIENTED_EDGE('',*,*,#995,.T.);
#1414=ORIENTED_EDGE('',*,*,#996,.T.);
#1415=ORIENTED_EDGE('',*,*,#996,.F.);
#1416=ORIENTED_EDGE('',*,*,#997,.F.);
#1417=ORIENTED_EDGE('',*,*,#998,.F.);
#1418=ORIENTED_EDGE('',*,*,#999,.F.);
#1419=ORIENTED_EDGE('',*,*,#995,.F.);
#1420=ORIENTED_EDGE('',*,*,#1000,.T.);
#1421=ORIENTED_EDGE('',*,*,#1001,.F.);
#1422=ORIENTED_EDGE('',*,*,#1002,.T.);
#1423=ORIENTED_EDGE('',*,*,#1003,.F.);
#1424=ORIENTED_EDGE('',*,*,#1004,.T.);
#1425=ORIENTED_EDGE('',*,*,#1005,.F.);
#1426=ORIENTED_EDGE('',*,*,#997,.T.);
#1427=ORIENTED_EDGE('',*,*,#1006,.F.);
#1428=ORIENTED_EDGE('',*,*,#1007,.F.);
#1429=ORIENTED_EDGE('',*,*,#1008,.F.);
#1430=ORIENTED_EDGE('',*,*,#1009,.F.);
#1431=ORIENTED_EDGE('',*,*,#1010,.F.);
#1432=ORIENTED_EDGE('',*,*,#1011,.F.);
#1433=ORIENTED_EDGE('',*,*,#1012,.T.);
#1434=ORIENTED_EDGE('',*,*,#998,.T.);
#1435=ORIENTED_EDGE('',*,*,#1005,.T.);
#1436=ORIENTED_EDGE('',*,*,#1013,.T.);
#1437=ORIENTED_EDGE('',*,*,#1013,.F.);
#1438=ORIENTED_EDGE('',*,*,#1004,.F.);
#1439=ORIENTED_EDGE('',*,*,#1014,.F.);
#1440=ORIENTED_EDGE('',*,*,#1015,.F.);
#1441=ORIENTED_EDGE('',*,*,#1016,.T.);
#1442=ORIENTED_EDGE('',*,*,#1014,.T.);
#1443=ORIENTED_EDGE('',*,*,#1003,.T.);
#1444=ORIENTED_EDGE('',*,*,#1017,.T.);
#1445=ORIENTED_EDGE('',*,*,#1017,.F.);
#1446=ORIENTED_EDGE('',*,*,#1002,.F.);
#1447=ORIENTED_EDGE('',*,*,#1018,.F.);
#1448=ORIENTED_EDGE('',*,*,#1019,.F.);
#1449=ORIENTED_EDGE('',*,*,#1020,.T.);
#1450=ORIENTED_EDGE('',*,*,#1018,.T.);
#1451=ORIENTED_EDGE('',*,*,#1001,.T.);
#1452=ORIENTED_EDGE('',*,*,#1021,.T.);
#1453=ORIENTED_EDGE('',*,*,#1007,.T.);
#1454=ORIENTED_EDGE('',*,*,#1022,.T.);
#1455=ORIENTED_EDGE('',*,*,#1023,.F.);
#1456=ORIENTED_EDGE('',*,*,#1024,.F.);
#1457=ORIENTED_EDGE('',*,*,#1008,.T.);
#1458=ORIENTED_EDGE('',*,*,#1024,.T.);
#1459=ORIENTED_EDGE('',*,*,#1025,.F.);
#1460=ORIENTED_EDGE('',*,*,#1026,.F.);
#1461=ORIENTED_EDGE('',*,*,#1009,.T.);
#1462=ORIENTED_EDGE('',*,*,#1026,.T.);
#1463=ORIENTED_EDGE('',*,*,#1027,.F.);
#1464=ORIENTED_EDGE('',*,*,#1028,.F.);
#1465=ORIENTED_EDGE('',*,*,#1010,.T.);
#1466=ORIENTED_EDGE('',*,*,#1028,.T.);
#1467=ORIENTED_EDGE('',*,*,#1029,.F.);
#1468=ORIENTED_EDGE('',*,*,#1030,.F.);
#1469=ORIENTED_EDGE('',*,*,#1011,.T.);
#1470=ORIENTED_EDGE('',*,*,#1030,.T.);
#1471=ORIENTED_EDGE('',*,*,#1031,.F.);
#1472=ORIENTED_EDGE('',*,*,#1032,.F.);
#1473=ORIENTED_EDGE('',*,*,#1006,.T.);
#1474=ORIENTED_EDGE('',*,*,#1032,.T.);
#1475=ORIENTED_EDGE('',*,*,#1033,.F.);
#1476=ORIENTED_EDGE('',*,*,#1022,.F.);
#1477=ORIENTED_EDGE('',*,*,#994,.F.);
#1478=ORIENTED_EDGE('',*,*,#1034,.F.);
#1479=ORIENTED_EDGE('',*,*,#1021,.F.);
#1480=ORIENTED_EDGE('',*,*,#1000,.F.);
#1481=ORIENTED_EDGE('',*,*,#993,.F.);
#1482=ORIENTED_EDGE('',*,*,#999,.T.);
#1483=ORIENTED_EDGE('',*,*,#1012,.F.);
#1484=ORIENTED_EDGE('',*,*,#1015,.T.);
#1485=ORIENTED_EDGE('',*,*,#1016,.F.);
#1486=ORIENTED_EDGE('',*,*,#1019,.T.);
#1487=ORIENTED_EDGE('',*,*,#1020,.F.);
#1488=ORIENTED_EDGE('',*,*,#1034,.T.);
#1489=ORIENTED_EDGE('',*,*,#1033,.T.);
#1490=ORIENTED_EDGE('',*,*,#1031,.T.);
#1491=ORIENTED_EDGE('',*,*,#1029,.T.);
#1492=ORIENTED_EDGE('',*,*,#1027,.T.);
#1493=ORIENTED_EDGE('',*,*,#1025,.T.);
#1494=ORIENTED_EDGE('',*,*,#1023,.T.);
#1495=CYLINDRICAL_SURFACE('',#1625,7.65367875633894);
#1496=CYLINDRICAL_SURFACE('',#1628,8.41727865592797);
#1497=CYLINDRICAL_SURFACE('',#1635,7.65367875633894);
#1498=CYLINDRICAL_SURFACE('',#1638,8.41727865592797);
#1499=CYLINDRICAL_SURFACE('',#1643,8.41727865592797);
#1500=CYLINDRICAL_SURFACE('',#1649,7.65367875633894);
#1501=CYLINDRICAL_SURFACE('',#1653,7.65367875633894);
#1502=CYLINDRICAL_SURFACE('',#1656,8.41727865592797);
#1503=CYLINDRICAL_SURFACE('',#1670,4.);
#1504=CYLINDRICAL_SURFACE('',#1672,4.);
#1505=CYLINDRICAL_SURFACE('',#1695,4.);
#1506=CYLINDRICAL_SURFACE('',#1700,1.);
#1507=CYLINDRICAL_SURFACE('',#1702,1.);
#1508=CYLINDRICAL_SURFACE('',#1704,1.);
#1509=CYLINDRICAL_SURFACE('',#1706,1.);
#1510=CYLINDRICAL_SURFACE('',#1708,1.);
#1511=CYLINDRICAL_SURFACE('',#1711,5.);
#1512=CYLINDRICAL_SURFACE('',#1714,5.);
#1513=CYLINDRICAL_SURFACE('',#1718,1.6);
#1514=CYLINDRICAL_SURFACE('',#1719,1.6);
#1515=CYLINDRICAL_SURFACE('',#1722,2.);
#1516=CYLINDRICAL_SURFACE('',#1730,2.);
#1517=CYLINDRICAL_SURFACE('',#1733,2.);
#1518=CYLINDRICAL_SURFACE('',#1735,2.);
#1519=CYLINDRICAL_SURFACE('',#1746,2.);
#1520=CYLINDRICAL_SURFACE('',#1754,2.);
#1521=CYLINDRICAL_SURFACE('',#1757,2.);
#1522=CYLINDRICAL_SURFACE('',#1760,2.);
#1523=ADVANCED_FACE('',(#107),#1495,.T.);
#1524=ADVANCED_FACE('',(#108),#1496,.F.);
#1525=ADVANCED_FACE('',(#109),#38,.F.);
#1526=ADVANCED_FACE('',(#110),#39,.F.);
#1527=ADVANCED_FACE('',(#111),#1497,.T.);
#1528=ADVANCED_FACE('',(#112),#1498,.F.);
#1529=ADVANCED_FACE('',(#113),#40,.F.);
#1530=ADVANCED_FACE('',(#114),#41,.F.);
#1531=ADVANCED_FACE('',(#115),#1499,.F.);
#1532=ADVANCED_FACE('',(#116),#42,.F.);
#1533=ADVANCED_FACE('',(#117),#1500,.F.);
#1534=ADVANCED_FACE('',(#118),#43,.T.);
#1535=ADVANCED_FACE('',(#119),#44,.T.);
#1536=ADVANCED_FACE('',(#120),#1501,.F.);
#1537=ADVANCED_FACE('',(#121),#1502,.T.);
#1538=ADVANCED_FACE('',(#122),#45,.T.);
#1539=ADVANCED_FACE('',(#123),#46,.T.);
#1540=ADVANCED_FACE('',(#124),#47,.T.);
#1541=ADVANCED_FACE('',(#125),#48,.T.);
#1542=ADVANCED_FACE('',(#126),#49,.T.);
#1543=ADVANCED_FACE('',(#127),#50,.T.);
#1544=ADVANCED_FACE('',(#128),#1503,.T.);
#1545=ADVANCED_FACE('',(#129),#1504,.T.);
#1546=ADVANCED_FACE('',(#130),#27,.F.);
#1547=ADVANCED_FACE('',(#131),#28,.F.);
#1548=ADVANCED_FACE('',(#132),#29,.F.);
#1549=ADVANCED_FACE('',(#133,#19,#20),#51,.T.);
#1550=ADVANCED_FACE('',(#134),#52,.T.);
#1551=ADVANCED_FACE('',(#135,#21,#22),#53,.F.);
#1552=ADVANCED_FACE('',(#136),#30,.F.);
#1553=ADVANCED_FACE('',(#137),#1505,.T.);
#1554=ADVANCED_FACE('',(#138),#54,.T.);
#1555=ADVANCED_FACE('',(#139),#55,.T.);
#1556=ADVANCED_FACE('',(#140),#56,.F.);
#1557=ADVANCED_FACE('',(#141),#57,.T.);
#1558=ADVANCED_FACE('',(#142),#1506,.T.);
#1559=ADVANCED_FACE('',(#143),#58,.T.);
#1560=ADVANCED_FACE('',(#144),#1507,.T.);
#1561=ADVANCED_FACE('',(#145),#59,.T.);
#1562=ADVANCED_FACE('',(#146),#1508,.T.);
#1563=ADVANCED_FACE('',(#147),#60,.T.);
#1564=ADVANCED_FACE('',(#148),#1509,.T.);
#1565=ADVANCED_FACE('',(#149),#61,.T.);
#1566=ADVANCED_FACE('',(#150),#1510,.T.);
#1567=ADVANCED_FACE('',(#151),#62,.T.);
#1568=ADVANCED_FACE('',(#152),#1511,.T.);
#1569=ADVANCED_FACE('',(#153),#63,.T.);
#1570=ADVANCED_FACE('',(#154),#1512,.T.);
#1571=ADVANCED_FACE('',(#155),#64,.T.);
#1572=ADVANCED_FACE('',(#156),#65,.T.);
#1573=ADVANCED_FACE('',(#157),#1513,.F.);
#1574=ADVANCED_FACE('',(#158),#1514,.F.);
#1575=ADVANCED_FACE('',(#159),#66,.T.);
#1576=ADVANCED_FACE('',(#160),#67,.T.);
#1577=ADVANCED_FACE('',(#161),#1515,.T.);
#1578=ADVANCED_FACE('',(#162),#68,.T.);
#1579=ADVANCED_FACE('',(#163,#23),#69,.F.);
#1580=ADVANCED_FACE('',(#164),#1516,.T.);
#1581=ADVANCED_FACE('',(#165),#70,.T.);
#1582=ADVANCED_FACE('',(#166),#1517,.T.);
#1583=ADVANCED_FACE('',(#167),#1518,.T.);
#1584=ADVANCED_FACE('',(#168),#71,.T.);
#1585=ADVANCED_FACE('',(#169),#72,.T.);
#1586=ADVANCED_FACE('',(#170),#73,.T.);
#1587=ADVANCED_FACE('',(#171),#74,.T.);
#1588=ADVANCED_FACE('',(#172),#75,.T.);
#1589=ADVANCED_FACE('',(#173),#76,.T.);
#1590=ADVANCED_FACE('',(#174),#77,.T.);
#1591=ADVANCED_FACE('',(#175),#78,.T.);
#1592=ADVANCED_FACE('',(#176,#24),#79,.T.);
#1593=ADVANCED_FACE('',(#177),#1519,.T.);
#1594=ADVANCED_FACE('',(#178),#80,.T.);
#1595=ADVANCED_FACE('',(#179,#25),#81,.F.);
#1596=ADVANCED_FACE('',(#180),#1520,.T.);
#1597=ADVANCED_FACE('',(#181),#82,.T.);
#1598=ADVANCED_FACE('',(#182),#1521,.T.);
#1599=ADVANCED_FACE('',(#183),#83,.T.);
#1600=ADVANCED_FACE('',(#184),#1522,.T.);
#1601=ADVANCED_FACE('',(#185),#84,.T.);
#1602=ADVANCED_FACE('',(#186),#85,.T.);
#1603=ADVANCED_FACE('',(#187),#86,.T.);
#1604=ADVANCED_FACE('',(#188),#87,.T.);
#1605=ADVANCED_FACE('',(#189),#88,.T.);
#1606=ADVANCED_FACE('',(#190),#89,.T.);
#1607=ADVANCED_FACE('',(#191),#90,.T.);
#1608=ADVANCED_FACE('',(#192,#26),#91,.T.);
#1609=CLOSED_SHELL('',(#1523,#1524,#1525,#1526,#1527,#1528,#1529,#1530,
#1531,#1532,#1533,#1534,#1535,#1536,#1537,#1538,#1539,#1540,#1541,#1542,
#1543,#1544,#1545,#1546,#1547,#1548,#1549,#1550,#1551,#1552,#1553,#1554,
#1555,#1556,#1557,#1558,#1559,#1560,#1561,#1562,#1563,#1564,#1565,#1566,
#1567,#1568,#1569,#1570,#1571,#1572,#1573,#1574,#1575,#1576));
#1610=CLOSED_SHELL('',(#1577,#1578,#1579,#1580,#1581,#1582,#1583,#1584,
#1585,#1586,#1587,#1588,#1589,#1590,#1591,#1592));
#1611=CLOSED_SHELL('',(#1593,#1594,#1595,#1596,#1597,#1598,#1599,#1600,
#1601,#1602,#1603,#1604,#1605,#1606,#1607,#1608));
#1612=DERIVED_UNIT_ELEMENT(#1614,1.);
#1613=DERIVED_UNIT_ELEMENT(#2841,-3.);
#1614=(
MASS_UNIT()
NAMED_UNIT(*)
SI_UNIT(.KILO.,.GRAM.)
);
#1615=DERIVED_UNIT((#1612,#1613));
#1616=MEASURE_REPRESENTATION_ITEM('density measure',
POSITIVE_RATIO_MEASURE(7850.),#1615);
#1617=PROPERTY_DEFINITION_REPRESENTATION(#1622,#1619);
#1618=PROPERTY_DEFINITION_REPRESENTATION(#1623,#1620);
#1619=REPRESENTATION('material name',(#1621),#2838);
#1620=REPRESENTATION('density',(#1616),#2838);
#1621=DESCRIPTIVE_REPRESENTATION_ITEM('Steel','Steel');
#1622=PROPERTY_DEFINITION('material property','material name',#2848);
#1623=PROPERTY_DEFINITION('material property','density of part',#2848);
#1624=AXIS2_PLACEMENT_3D('',#2222,#1770,#1771);
#1625=AXIS2_PLACEMENT_3D('',#2223,#1772,#1773);
#1626=AXIS2_PLACEMENT_3D('',#2228,#1775,#1776);
#1627=AXIS2_PLACEMENT_3D('',#2231,#1778,#1779);
#1628=AXIS2_PLACEMENT_3D('',#2232,#1780,#1781);
#1629=AXIS2_PLACEMENT_3D('',#2235,#1782,#1783);
#1630=AXIS2_PLACEMENT_3D('',#2239,#1785,#1786);
#1631=AXIS2_PLACEMENT_3D('',#2241,#1788,#1789);
#1632=AXIS2_PLACEMENT_3D('',#2246,#1793,#1794);
#1633=AXIS2_PLACEMENT_3D('',#2250,#1796,#1797);
#1634=AXIS2_PLACEMENT_3D('',#2251,#1798,#1799);
#1635=AXIS2_PLACEMENT_3D('',#2252,#1800,#1801);
#1636=AXIS2_PLACEMENT_3D('',#2255,#1802,#1803);
#1637=AXIS2_PLACEMENT_3D('',#2259,#1805,#1806);
#1638=AXIS2_PLACEMENT_3D('',#2261,#1808,#1809);
#1639=AXIS2_PLACEMENT_3D('',#2264,#1810,#1811);
#1640=AXIS2_PLACEMENT_3D('',#2268,#1813,#1814);
#1641=AXIS2_PLACEMENT_3D('',#2270,#1816,#1817);
#1642=AXIS2_PLACEMENT_3D('',#2280,#1823,#1824);
#1643=AXIS2_PLACEMENT_3D('',#2286,#1828,#1829);
#1644=AXIS2_PLACEMENT_3D('',#2288,#1830,#1831);
#1645=AXIS2_PLACEMENT_3D('',#2291,#1833,#1834);
#1646=AXIS2_PLACEMENT_3D('',#2292,#1835,#1836);
#1647=AXIS2_PLACEMENT_3D('',#2294,#1837,#1838);
#1648=AXIS2_PLACEMENT_3D('',#2296,#1839,#1840);
#1649=AXIS2_PLACEMENT_3D('',#2298,#1842,#1843);
#1650=AXIS2_PLACEMENT_3D('',#2302,#1845,#1846);
#1651=AXIS2_PLACEMENT_3D('',#2318,#1848,#1849);
#1652=AXIS2_PLACEMENT_3D('',#2322,#1852,#1853);
#1653=AXIS2_PLACEMENT_3D('',#2328,#1857,#1858);
#1654=AXIS2_PLACEMENT_3D('',#2330,#1859,#1860);
#1655=AXIS2_PLACEMENT_3D('',#2351,#1862,#1863);
#1656=AXIS2_PLACEMENT_3D('',#2352,#1864,#1865);
#1657=AXIS2_PLACEMENT_3D('',#2354,#1866,#1867);
#1658=AXIS2_PLACEMENT_3D('',#2392,#1870,#1871);
#1659=AXIS2_PLACEMENT_3D('',#2393,#1872,#1873);
#1660=AXIS2_PLACEMENT_3D('',#2394,#1874,#1875);
#1661=AXIS2_PLACEMENT_3D('',#2400,#1879,#1880);
#1662=AXIS2_PLACEMENT_3D('',#2404,#1882,#1883);
#1663=AXIS2_PLACEMENT_3D('',#2408,#1885,#1886);
#1664=AXIS2_PLACEMENT_3D('',#2412,#1889,#1890);
#1665=AXIS2_PLACEMENT_3D('',#2416,#1893,#1894);
#1666=AXIS2_PLACEMENT_3D('',#2420,#1897,#1898);
#1667=AXIS2_PLACEMENT_3D('',#2423,#1900,#1901);
#1668=AXIS2_PLACEMENT_3D('',#2426,#1903,#1904);
#1669=AXIS2_PLACEMENT_3D('',#2427,#1905,#1906);
#1670=AXIS2_PLACEMENT_3D('',#2431,#1909,#1910);
#1671=AXIS2_PLACEMENT_3D('',#2433,#1911,#1912);
#1672=AXIS2_PLACEMENT_3D('',#2435,#1914,#1915);
#1673=AXIS2_PLACEMENT_3D('',#2436,#1916,#1917);
#1674=AXIS2_PLACEMENT_3D('',#2463,#1918,#1919);
#1675=AXIS2_PLACEMENT_3D('',#2464,#1920,#1921);
#1676=AXIS2_PLACEMENT_3D('',#2490,#1922,#1923);
#1677=AXIS2_PLACEMENT_3D('',#2517,#1924,#1925);
#1678=AXIS2_PLACEMENT_3D('',#2518,#1926,#1927);
#1679=AXIS2_PLACEMENT_3D('',#2519,#1928,#1929);
#1680=AXIS2_PLACEMENT_3D('',#2529,#1934,#1935);
#1681=AXIS2_PLACEMENT_3D('',#2533,#1937,#1938);
#1682=AXIS2_PLACEMENT_3D('',#2537,#1940,#1941);
#1683=AXIS2_PLACEMENT_3D('',#2540,#1943,#1944);
#1684=AXIS2_PLACEMENT_3D('',#2542,#1945,#1946);
#1685=AXIS2_PLACEMENT_3D('',#2543,#1947,#1948);
#1686=AXIS2_PLACEMENT_3D('',#2547,#1951,#1952);
#1687=AXIS2_PLACEMENT_3D('',#2552,#1955,#1956);
#1688=AXIS2_PLACEMENT_3D('',#2556,#1958,#1959);
#1689=AXIS2_PLACEMENT_3D('',#2560,#1961,#1962);
#1690=AXIS2_PLACEMENT_3D('',#2572,#1968,#1969);
#1691=AXIS2_PLACEMENT_3D('',#2575,#1971,#1972);
#1692=AXIS2_PLACEMENT_3D('',#2577,#1973,#1974);
#1693=AXIS2_PLACEMENT_3D('',#2579,#1975,#1976);
#1694=AXIS2_PLACEMENT_3D('',#2605,#1977,#1978);
#1695=AXIS2_PLACEMENT_3D('',#2606,#1979,#1980);
#1696=AXIS2_PLACEMENT_3D('',#2608,#1982,#1983);
#1697=AXIS2_PLACEMENT_3D('',#2609,#1984,#1985);
#1698=AXIS2_PLACEMENT_3D('',#2613,#1988,#1989);
#1699=AXIS2_PLACEMENT_3D('',#2617,#1992,#1993);
#1700=AXIS2_PLACEMENT_3D('',#2619,#1995,#1996);
#1701=AXIS2_PLACEMENT_3D('',#2622,#1999,#2000);
#1702=AXIS2_PLACEMENT_3D('',#2623,#2001,#2002);
#1703=AXIS2_PLACEMENT_3D('',#2626,#2005,#2006);
#1704=AXIS2_PLACEMENT_3D('',#2628,#2008,#2009);
#1705=AXIS2_PLACEMENT_3D('',#2630,#2011,#2012);
#1706=AXIS2_PLACEMENT_3D('',#2634,#2015,#2016);
#1707=AXIS2_PLACEMENT_3D('',#2636,#2018,#2019);
#1708=AXIS2_PLACEMENT_3D('',#2638,#2021,#2022);
#1709=AXIS2_PLACEMENT_3D('',#2640,#2024,#2025);
#1710=AXIS2_PLACEMENT_3D('',#2641,#2026,#2027);
#1711=AXIS2_PLACEMENT_3D('',#2645,#2030,#2031);
#1712=AXIS2_PLACEMENT_3D('',#2649,#2033,#2034);
#1713=AXIS2_PLACEMENT_3D('',#2651,#2036,#2037);
#1714=AXIS2_PLACEMENT_3D('',#2653,#2039,#2040);
#1715=AXIS2_PLACEMENT_3D('',#2654,#2041,#2042);
#1716=AXIS2_PLACEMENT_3D('',#2655,#2043,#2044);
#1717=AXIS2_PLACEMENT_3D('',#2657,#2046,#2047);
#1718=AXIS2_PLACEMENT_3D('',#2658,#2048,#2049);
#1719=AXIS2_PLACEMENT_3D('',#2660,#2051,#2052);
#1720=AXIS2_PLACEMENT_3D('',#2662,#2054,#2055);
#1721=AXIS2_PLACEMENT_3D('',#2663,#2056,#2057);
#1722=AXIS2_PLACEMENT_3D('',#2664,#2058,#2059);
#1723=AXIS2_PLACEMENT_3D('',#2667,#2060,#2061);
#1724=AXIS2_PLACEMENT_3D('',#2671,#2063,#2064);
#1725=AXIS2_PLACEMENT_3D('',#2673,#2066,#2067);
#1726=AXIS2_PLACEMENT_3D('',#2679,#2071,#2072);
#1727=AXIS2_PLACEMENT_3D('',#2683,#2074,#2075);
#1728=AXIS2_PLACEMENT_3D('',#2687,#2077,#2078);
#1729=AXIS2_PLACEMENT_3D('',#2690,#2080,#2081);
#1730=AXIS2_PLACEMENT_3D('',#2703,#2088,#2089);
#1731=AXIS2_PLACEMENT_3D('',#2706,#2090,#2091);
#1732=AXIS2_PLACEMENT_3D('',#2709,#2094,#2095);
#1733=AXIS2_PLACEMENT_3D('',#2713,#2098,#2099);
#1734=AXIS2_PLACEMENT_3D('',#2715,#2100,#2101);
#1735=AXIS2_PLACEMENT_3D('',#2717,#2103,#2104);
#1736=AXIS2_PLACEMENT_3D('',#2719,#2105,#2106);
#1737=AXIS2_PLACEMENT_3D('',#2721,#2108,#2109);
#1738=AXIS2_PLACEMENT_3D('',#2727,#2113,#2114);
#1739=AXIS2_PLACEMENT_3D('',#2731,#2117,#2118);
#1740=AXIS2_PLACEMENT_3D('',#2735,#2121,#2122);
#1741=AXIS2_PLACEMENT_3D('',#2739,#2125,#2126);
#1742=AXIS2_PLACEMENT_3D('',#2743,#2129,#2130);
#1743=AXIS2_PLACEMENT_3D('',#2745,#2132,#2133);
#1744=AXIS2_PLACEMENT_3D('',#2747,#2135,#2136);
#1745=AXIS2_PLACEMENT_3D('',#2749,#2138,#2139);
#1746=AXIS2_PLACEMENT_3D('',#2750,#2140,#2141);
#1747=AXIS2_PLACEMENT_3D('',#2753,#2142,#2143);
#1748=AXIS2_PLACEMENT_3D('',#2757,#2145,#2146);
#1749=AXIS2_PLACEMENT_3D('',#2759,#2148,#2149);
#1750=AXIS2_PLACEMENT_3D('',#2765,#2153,#2154);
#1751=AXIS2_PLACEMENT_3D('',#2769,#2156,#2157);
#1752=AXIS2_PLACEMENT_3D('',#2773,#2159,#2160);
#1753=AXIS2_PLACEMENT_3D('',#2776,#2162,#2163);
#1754=AXIS2_PLACEMENT_3D('',#2789,#2170,#2171);
#1755=AXIS2_PLACEMENT_3D('',#2791,#2172,#2173);
#1756=AXIS2_PLACEMENT_3D('',#2793,#2175,#2176);
#1757=AXIS2_PLACEMENT_3D('',#2797,#2179,#2180);
#1758=AXIS2_PLACEMENT_3D('',#2799,#2181,#2182);
#1759=AXIS2_PLACEMENT_3D('',#2801,#2184,#2185);
#1760=AXIS2_PLACEMENT_3D('',#2805,#2188,#2189);
#1761=AXIS2_PLACEMENT_3D('',#2807,#2190,#2191);
#1762=AXIS2_PLACEMENT_3D('',#2809,#2193,#2194);
#1763=AXIS2_PLACEMENT_3D('',#2815,#2198,#2199);
#1764=AXIS2_PLACEMENT_3D('',#2819,#2202,#2203);
#1765=AXIS2_PLACEMENT_3D('',#2823,#2206,#2207);
#1766=AXIS2_PLACEMENT_3D('',#2827,#2210,#2211);
#1767=AXIS2_PLACEMENT_3D('',#2831,#2214,#2215);
#1768=AXIS2_PLACEMENT_3D('',#2833,#2217,#2218);
#1769=AXIS2_PLACEMENT_3D('',#2835,#2220,#2221);
#1770=DIRECTION('axis',(0.,0.,1.));
#1771=DIRECTION('refdir',(1.,0.,0.));
#1772=DIRECTION('center_axis',(0.,0.,1.));
#1773=DIRECTION('ref_axis',(1.45057437079606E-16,-1.,0.));
#1774=DIRECTION('',(0.,0.,1.));
#1775=DIRECTION('center_axis',(0.,0.,-1.));
#1776=DIRECTION('ref_axis',(1.45057437079606E-16,-1.,0.));
#1777=DIRECTION('',(0.,0.,1.));
#1778=DIRECTION('center_axis',(0.,0.,-1.));
#1779=DIRECTION('ref_axis',(1.45057437079606E-16,-1.,0.));
#1780=DIRECTION('center_axis',(0.,0.,1.));
#1781=DIRECTION('ref_axis',(1.31898095573118E-16,-1.,0.));
#1782=DIRECTION('center_axis',(0.,0.707106781186548,-0.707106781186548));
#1783=DIRECTION('ref_axis',(9.32660378053433E-17,-0.707106781186548,-0.707106781186548));
#1784=DIRECTION('',(0.,0.,1.));
#1785=DIRECTION('center_axis',(0.,0.,1.));
#1786=DIRECTION('ref_axis',(1.31898095573118E-16,-1.,0.));
#1787=DIRECTION('',(0.,0.,-1.));
#1788=DIRECTION('center_axis',(1.,0.,0.));
#1789=DIRECTION('ref_axis',(0.,1.,0.));
#1790=DIRECTION('',(0.,1.,0.));
#1791=DIRECTION('',(0.,0.,-1.));
#1792=DIRECTION('',(0.,1.,0.));
#1793=DIRECTION('center_axis',(0.,0.,1.));
#1794=DIRECTION('ref_axis',(1.,0.,0.));
#1795=DIRECTION('',(0.,-1.,0.));
#1796=DIRECTION('center_axis',(0.,0.,-1.));
#1797=DIRECTION('ref_axis',(1.45057437079606E-16,-1.,0.));
#1798=DIRECTION('center_axis',(0.,0.,1.));
#1799=DIRECTION('ref_axis',(1.31898095573118E-16,-1.,0.));
#1800=DIRECTION('center_axis',(0.,0.,1.));
#1801=DIRECTION('ref_axis',(1.45057437079606E-16,-1.,0.));
#1802=DIRECTION('center_axis',(0.,0.707106781186548,0.707106781186548));
#1803=DIRECTION('ref_axis',(1.02571097420531E-16,-0.707106781186548,0.707106781186548));
#1804=DIRECTION('',(0.,0.,1.));
#1805=DIRECTION('center_axis',(0.,0.,-1.));
#1806=DIRECTION('ref_axis',(1.45057437079606E-16,-1.,0.));
#1807=DIRECTION('',(0.,0.,-1.));
#1808=DIRECTION('center_axis',(0.,0.,1.));
#1809=DIRECTION('ref_axis',(1.31898095573118E-16,-1.,0.));
#1810=DIRECTION('center_axis',(0.,0.,-1.));
#1811=DIRECTION('ref_axis',(1.31898095573118E-16,-1.,0.));
#1812=DIRECTION('',(0.,0.,1.));
#1813=DIRECTION('center_axis',(0.,0.,1.));
#1814=DIRECTION('ref_axis',(1.31898095573118E-16,-1.,0.));
#1815=DIRECTION('',(0.,0.,-1.));
#1816=DIRECTION('center_axis',(1.,0.,0.));
#1817=DIRECTION('ref_axis',(0.,1.,0.));
#1818=DIRECTION('',(0.,1.,0.));
#1819=DIRECTION('',(0.,0.,-1.));
#1820=DIRECTION('',(0.,1.,0.));
#1821=DIRECTION('',(0.,0.,1.));
#1822=DIRECTION('',(0.,0.,1.));
#1823=DIRECTION('center_axis',(-1.,0.,0.));
#1824=DIRECTION('ref_axis',(0.,-1.,0.));
#1825=DIRECTION('',(0.,1.,0.));
#1826=DIRECTION('',(0.,0.,1.));
#1827=DIRECTION('',(0.,-1.,0.));
#1828=DIRECTION('center_axis',(0.,0.,1.));
#1829=DIRECTION('ref_axis',(1.31898095573118E-16,-1.,0.));
#1830=DIRECTION('center_axis',(0.,-0.707106781186548,-0.707106781186548));
#1831=DIRECTION('ref_axis',(9.32660378053433E-17,-0.707106781186548,0.707106781186548));
#1832=DIRECTION('',(0.,0.,1.));
#1833=DIRECTION('center_axis',(0.,0.,1.));
#1834=DIRECTION('ref_axis',(1.31898095573118E-16,-1.,0.));
#1835=DIRECTION('center_axis',(0.,0.,1.));
#1836=DIRECTION('ref_axis',(1.,0.,0.));
#1837=DIRECTION('center_axis',(0.,0.,1.));
#1838=DIRECTION('ref_axis',(1.31898095573118E-16,-1.,0.));
#1839=DIRECTION('center_axis',(0.,0.,-1.));
#1840=DIRECTION('ref_axis',(1.45057437079606E-16,-1.,0.));
#1841=DIRECTION('',(0.,-1.,0.));
#1842=DIRECTION('center_axis',(0.,0.,1.));
#1843=DIRECTION('ref_axis',(1.45057437079606E-16,-1.,0.));
#1844=DIRECTION('',(0.,0.,1.));
#1845=DIRECTION('center_axis',(0.,0.,-1.));
#1846=DIRECTION('ref_axis',(1.45057437079606E-16,-1.,0.));
#1847=DIRECTION('',(0.,0.,1.));
#1848=DIRECTION('center_axis',(-1.,0.,0.));
#1849=DIRECTION('ref_axis',(0.,-1.,0.));
#1850=DIRECTION('',(0.,0.,1.));
#1851=DIRECTION('',(0.,-1.,0.));
#1852=DIRECTION('center_axis',(-1.,0.,0.));
#1853=DIRECTION('ref_axis',(0.,-1.,0.));
#1854=DIRECTION('',(0.,0.,1.));
#1855=DIRECTION('',(0.,-1.,0.));
#1856=DIRECTION('',(0.,0.,1.));
#1857=DIRECTION('center_axis',(0.,0.,1.));
#1858=DIRECTION('ref_axis',(1.45057437079606E-16,-1.,0.));
#1859=DIRECTION('center_axis',(0.,0.707106781186548,0.707106781186548));
#1860=DIRECTION('ref_axis',(1.02571097420531E-16,-0.707106781186548,0.707106781186548));
#1861=DIRECTION('',(0.,0.,-1.));
#1862=DIRECTION('center_axis',(0.,0.,-1.));
#1863=DIRECTION('ref_axis',(1.45057437079606E-16,-1.,0.));
#1864=DIRECTION('center_axis',(0.,0.,1.));
#1865=DIRECTION('ref_axis',(1.31898095573118E-16,-1.,0.));
#1866=DIRECTION('center_axis',(0.,0.707106781186548,-0.707106781186548));
#1867=DIRECTION('ref_axis',(9.32660378053433E-17,-0.707106781186548,-0.707106781186548));
#1868=DIRECTION('',(0.,0.,-1.));
#1869=DIRECTION('',(0.,0.,1.));
#1870=DIRECTION('center_axis',(0.,-0.707106781186548,-0.707106781186548));
#1871=DIRECTION('ref_axis',(9.32660378053433E-17,-0.707106781186548,0.707106781186548));
#1872=DIRECTION('center_axis',(0.,0.,1.));
#1873=DIRECTION('ref_axis',(1.31898095573118E-16,-1.,0.));
#1874=DIRECTION('center_axis',(0.,-1.,0.));
#1875=DIRECTION('ref_axis',(1.,0.,0.));
#1876=DIRECTION('',(1.,0.,0.));
#1877=DIRECTION('',(0.200944143721331,0.,-0.97960270064149));
#1878=DIRECTION('',(1.,0.,0.));
#1879=DIRECTION('center_axis',(0.,-0.707106781186548,0.707106781186548));
#1880=DIRECTION('ref_axis',(1.,0.,0.));
#1881=DIRECTION('',(0.,-0.707106781186548,-0.707106781186548));
#1882=DIRECTION('center_axis',(0.,0.707106781186548,-0.707106781186548));
#1883=DIRECTION('ref_axis',(0.,-0.707106781186548,-0.707106781186548));
#1884=DIRECTION('',(1.,0.,0.));
#1885=DIRECTION('center_axis',(0.,0.707106781186548,-0.707106781186548));
#1886=DIRECTION('ref_axis',(0.,-0.707106781186548,-0.707106781186548));
#1887=DIRECTION('',(0.577350269189626,-0.577350269189626,-0.577350269189626));
#1888=DIRECTION('',(-1.,0.,0.));
#1889=DIRECTION('center_axis',(0.,0.707106781186548,0.707106781186548));
#1890=DIRECTION('ref_axis',(1.,0.,0.));
#1891=DIRECTION('',(0.,-0.707106781186547,0.707106781186547));
#1892=DIRECTION('',(-1.,0.,0.));
#1893=DIRECTION('center_axis',(0.,1.,0.));
#1894=DIRECTION('ref_axis',(-1.,0.,0.));
#1895=DIRECTION('',(0.,0.,1.));
#1896=DIRECTION('',(-1.,0.,0.));
#1897=DIRECTION('center_axis',(-1.,0.,0.));
#1898=DIRECTION('ref_axis',(0.,-1.,0.));
#1899=DIRECTION('',(0.,1.,0.));
#1900=DIRECTION('center_axis',(1.,0.,0.));
#1901=DIRECTION('ref_axis',(0.,-0.707106781186547,0.707106781186548));
#1902=DIRECTION('',(0.,-1.,0.));
#1903=DIRECTION('center_axis',(1.,0.,0.));
#1904=DIRECTION('ref_axis',(0.,0.707106781186547,0.707106781186548));
#1905=DIRECTION('center_axis',(-1.,0.,0.));
#1906=DIRECTION('ref_axis',(0.,-1.,0.));
#1907=DIRECTION('',(0.,1.,0.));
#1908=DIRECTION('',(0.,0.,-1.));
#1909=DIRECTION('center_axis',(1.,0.,0.));
#1910=DIRECTION('ref_axis',(0.,-0.707106781186547,0.707106781186548));
#1911=DIRECTION('center_axis',(-1.,0.,0.));
#1912=DIRECTION('ref_axis',(0.,-1.,0.));
#1913=DIRECTION('',(-1.,0.,0.));
#1914=DIRECTION('center_axis',(1.,0.,0.));
#1915=DIRECTION('ref_axis',(0.,-0.707106781186547,0.707106781186548));
#1916=DIRECTION('center_axis',(-1.,0.,0.));
#1917=DIRECTION('ref_axis',(0.,-1.,0.));
#1918=DIRECTION('center_axis',(1.,0.,0.));
#1919=DIRECTION('ref_axis',(0.,1.,0.));
#1920=DIRECTION('center_axis',(0.,0.,-1.));
#1921=DIRECTION('ref_axis',(1.,2.24312853855166E-15,0.));
#1922=DIRECTION('center_axis',(0.,0.,-1.));
#1923=DIRECTION('ref_axis',(1.,-2.24312853855166E-15,0.));
#1924=DIRECTION('center_axis',(-0.160620201616202,3.56648492108484E-16,
0.987016287014946));
#1925=DIRECTION('ref_axis',(0.987016287014946,-2.28791040308277E-15,0.160620201616202));
#1926=DIRECTION('center_axis',(0.,-1.,0.));
#1927=DIRECTION('ref_axis',(0.97960270064149,0.,0.200944143721333));
#1928=DIRECTION('center_axis',(0.,0.,1.));
#1929=DIRECTION('ref_axis',(1.,0.,0.));
#1930=DIRECTION('',(1.,0.,0.));
#1931=DIRECTION('',(0.,-1.,0.));
#1932=DIRECTION('',(1.,0.,0.));
#1933=DIRECTION('',(0.,1.,0.));
#1934=DIRECTION('center_axis',(0.,0.,-1.));
#1935=DIRECTION('ref_axis',(0.707106781186546,0.707106781186549,0.));
#1936=DIRECTION('',(-1.,0.,0.));
#1937=DIRECTION('center_axis',(0.,0.,-1.));
#1938=DIRECTION('ref_axis',(-0.707106781186549,0.707106781186546,0.));
#1939=DIRECTION('',(0.,-1.,0.));
#1940=DIRECTION('center_axis',(0.,0.,-1.));
#1941=DIRECTION('ref_axis',(-0.707106781186547,-0.707106781186548,0.));
#1942=DIRECTION('',(1.,0.,0.));
#1943=DIRECTION('center_axis',(0.,0.,-1.));
#1944=DIRECTION('ref_axis',(1.,0.,0.));
#1945=DIRECTION('center_axis',(0.,0.,-1.));
#1946=DIRECTION('ref_axis',(1.,0.,0.));
#1947=DIRECTION('center_axis',(0.,-1.,0.));
#1948=DIRECTION('ref_axis',(1.,0.,0.));
#1949=DIRECTION('',(-1.,0.,0.));
#1950=DIRECTION('',(0.,0.,1.));
#1951=DIRECTION('center_axis',(0.,0.,1.));
#1952=DIRECTION('ref_axis',(1.,0.,0.));
#1953=DIRECTION('',(0.,1.,0.));
#1954=DIRECTION('',(-1.,0.,0.));
#1955=DIRECTION('center_axis',(0.,0.,1.));
#1956=DIRECTION('ref_axis',(-0.707106781186547,-0.707106781186548,0.));
#1957=DIRECTION('',(0.,1.,0.));
#1958=DIRECTION('center_axis',(0.,0.,1.));
#1959=DIRECTION('ref_axis',(-0.707106781186549,0.707106781186546,0.));
#1960=DIRECTION('',(1.,0.,0.));
#1961=DIRECTION('center_axis',(0.,0.,1.));
#1962=DIRECTION('ref_axis',(0.707106781186546,0.707106781186549,0.));
#1963=DIRECTION('',(0.,-1.,0.));
#1964=DIRECTION('',(-1.,0.,0.));
#1965=DIRECTION('',(0.,-1.,0.));
#1966=DIRECTION('',(1.,0.,0.));
#1967=DIRECTION('',(0.,-1.,0.));
#1968=DIRECTION('center_axis',(0.,0.,1.));
#1969=DIRECTION('ref_axis',(0.707106781186549,-0.707106781186546,0.));
#1970=DIRECTION('',(-1.,0.,0.));
#1971=DIRECTION('center_axis',(0.,0.,1.));
#1972=DIRECTION('ref_axis',(-0.707106781186548,-0.707106781186548,0.));
#1973=DIRECTION('center_axis',(0.,0.,-1.));
#1974=DIRECTION('ref_axis',(1.,0.,0.));
#1975=DIRECTION('center_axis',(0.,0.,-1.));
#1976=DIRECTION('ref_axis',(1.,0.,0.));
#1977=DIRECTION('center_axis',(-0.160620201616202,-3.56648492108484E-16,
0.987016287014946));
#1978=DIRECTION('ref_axis',(0.987016287014946,2.28791040308277E-15,0.160620201616202));
#1979=DIRECTION('center_axis',(-1.,0.,0.));
#1980=DIRECTION('ref_axis',(0.,0.707106781186547,0.707106781186548));
#1981=DIRECTION('',(1.,0.,0.));
#1982=DIRECTION('center_axis',(0.,0.,1.));
#1983=DIRECTION('ref_axis',(1.,0.,0.));
#1984=DIRECTION('center_axis',(0.,1.,0.));
#1985=DIRECTION('ref_axis',(0.,0.,-1.));
#1986=DIRECTION('',(0.,0.,1.));
#1987=DIRECTION('',(0.832050294337844,0.,0.554700196225229));
#1988=DIRECTION('center_axis',(-0.554700196225229,0.,0.832050294337843));
#1989=DIRECTION('ref_axis',(0.832050294337844,0.,0.554700196225229));
#1990=DIRECTION('',(-0.832050294337844,0.,-0.554700196225229));
#1991=DIRECTION('',(0.,1.,0.));
#1992=DIRECTION('center_axis',(0.,-1.,0.));
#1993=DIRECTION('ref_axis',(0.,0.,1.));
#1994=DIRECTION('',(0.,0.,-1.));
#1995=DIRECTION('center_axis',(0.,0.,1.));
#1996=DIRECTION('ref_axis',(-0.707106781186547,-0.707106781186548,0.));
#1997=DIRECTION('',(0.,0.,-1.));
#1998=DIRECTION('',(0.,0.,1.));
#1999=DIRECTION('center_axis',(0.,-1.,0.));
#2000=DIRECTION('ref_axis',(1.,0.,0.));
#2001=DIRECTION('center_axis',(0.,0.,1.));
#2002=DIRECTION('ref_axis',(-0.707106781186549,0.707106781186546,0.));
#2003=DIRECTION('',(0.,0.,-1.));
#2004=DIRECTION('',(0.,0.,1.));
#2005=DIRECTION('center_axis',(0.,1.,0.));
#2006=DIRECTION('ref_axis',(-1.,0.,0.));
#2007=DIRECTION('',(0.,0.,1.));
#2008=DIRECTION('center_axis',(0.,0.,1.));
#2009=DIRECTION('ref_axis',(0.707106781186546,0.707106781186549,0.));
#2010=DIRECTION('',(0.,0.,-1.));
#2011=DIRECTION('center_axis',(1.,0.,0.));
#2012=DIRECTION('ref_axis',(0.,1.,0.));
#2013=DIRECTION('',(0.,1.,0.));
#2014=DIRECTION('',(0.,0.,1.));
#2015=DIRECTION('center_axis',(0.,0.,1.));
#2016=DIRECTION('ref_axis',(-0.707106781186548,-0.707106781186548,0.));
#2017=DIRECTION('',(0.,0.,1.));
#2018=DIRECTION('center_axis',(-1.,0.,0.));
#2019=DIRECTION('ref_axis',(0.,-1.,0.));
#2020=DIRECTION('',(0.,-0.707106781186547,0.707106781186547));
#2021=DIRECTION('center_axis',(0.,0.,1.));
#2022=DIRECTION('ref_axis',(0.707106781186549,-0.707106781186546,0.));
#2023=DIRECTION('',(0.,0.,-1.));
#2024=DIRECTION('center_axis',(-0.707106781186548,0.,-0.707106781186547));
#2025=DIRECTION('ref_axis',(0.707106781186547,0.,-0.707106781186548));
#2026=DIRECTION('center_axis',(0.707106781186548,0.,0.707106781186547));
#2027=DIRECTION('ref_axis',(0.707106781186547,0.,-0.707106781186548));
#2028=DIRECTION('',(0.577350269189626,0.577350269189626,-0.577350269189626));
#2029=DIRECTION('',(0.,-1.,0.));
#2030=DIRECTION('center_axis',(-0.200944143721331,0.,0.97960270064149));
#2031=DIRECTION('ref_axis',(0.692683712492253,0.707106781186548,0.142088966665077));
#2032=DIRECTION('',(-0.200944143721331,0.,0.97960270064149));
#2033=DIRECTION('center_axis',(0.,0.,-1.));
#2034=DIRECTION('ref_axis',(1.,2.17515494647433E-16,0.));
#2035=DIRECTION('',(-0.200944143721331,0.,0.97960270064149));
#2036=DIRECTION('center_axis',(0.,1.,0.));
#2037=DIRECTION('ref_axis',(-1.,0.,0.));
#2038=DIRECTION('',(-1.,0.,0.));
#2039=DIRECTION('center_axis',(0.200944143721331,0.,-0.97960270064149));
#2040=DIRECTION('ref_axis',(0.692683712492253,-0.707106781186548,0.142088966665077));
#2041=DIRECTION('center_axis',(0.,0.,-1.));
#2042=DIRECTION('ref_axis',(1.,-2.17515494647433E-16,0.));
#2043=DIRECTION('center_axis',(0.,0.707106781186548,0.707106781186548));
#2044=DIRECTION('ref_axis',(1.,0.,0.));
#2045=DIRECTION('',(-1.,0.,0.));
#2046=DIRECTION('center_axis',(0.,0.,1.));
#2047=DIRECTION('ref_axis',(1.,0.,0.));
#2048=DIRECTION('center_axis',(0.,0.,1.));
#2049=DIRECTION('ref_axis',(1.,0.,0.));
#2050=DIRECTION('',(0.,0.,1.));
#2051=DIRECTION('center_axis',(0.,0.,1.));
#2052=DIRECTION('ref_axis',(1.,0.,0.));
#2053=DIRECTION('',(0.,0.,1.));
#2054=DIRECTION('center_axis',(-1.,0.,0.));
#2055=DIRECTION('ref_axis',(0.,-1.,0.));
#2056=DIRECTION('center_axis',(0.,-1.,0.));
#2057=DIRECTION('ref_axis',(1.,0.,0.));
#2058=DIRECTION('center_axis',(0.,0.,1.));
#2059=DIRECTION('ref_axis',(-0.707106781186548,0.707106781186548,0.));
#2060=DIRECTION('center_axis',(0.,0.,-1.));
#2061=DIRECTION('ref_axis',(-0.707106781186548,0.707106781186548,0.));
#2062=DIRECTION('',(0.,0.,-1.));
#2063=DIRECTION('center_axis',(0.,0.,1.));
#2064=DIRECTION('ref_axis',(-0.707106781186548,0.707106781186548,0.));
#2065=DIRECTION('',(0.,0.,1.));
#2066=DIRECTION('center_axis',(-1.,0.,0.));
#2067=DIRECTION('ref_axis',(0.,-1.,0.));
#2068=DIRECTION('',(0.,1.,0.));
#2069=DIRECTION('',(0.,0.,-1.));
#2070=DIRECTION('',(0.,-1.,0.));
#2071=DIRECTION('center_axis',(0.,0.,1.));
#2072=DIRECTION('ref_axis',(1.,0.,0.));
#2073=DIRECTION('',(1.,0.,0.));
#2074=DIRECTION('center_axis',(0.,0.,1.));
#2075=DIRECTION('ref_axis',(0.707106781186548,0.707106781186547,0.));
#2076=DIRECTION('',(0.,-1.,0.));
#2077=DIRECTION('center_axis',(0.,0.,1.));
#2078=DIRECTION('ref_axis',(0.707106781186547,-0.707106781186548,0.));
#2079=DIRECTION('',(-1.,0.,0.));
#2080=DIRECTION('center_axis',(0.,0.,1.));
#2081=DIRECTION('ref_axis',(-0.707106781186548,-0.707106781186547,0.));
#2082=DIRECTION('',(-1.,0.,0.));
#2083=DIRECTION('',(-0.5,-0.866025403784439,0.));
#2084=DIRECTION('',(0.5,-0.866025403784439,0.));
#2085=DIRECTION('',(1.,0.,0.));
#2086=DIRECTION('',(0.5,0.866025403784439,0.));
#2087=DIRECTION('',(-0.5,0.866025403784439,0.));
#2088=DIRECTION('center_axis',(0.,0.,1.));
#2089=DIRECTION('ref_axis',(0.707106781186548,0.707106781186547,0.));
#2090=DIRECTION('center_axis',(0.,0.,-1.));
#2091=DIRECTION('ref_axis',(0.707106781186548,0.707106781186547,0.));
#2092=DIRECTION('',(0.,0.,-1.));
#2093=DIRECTION('',(0.,0.,1.));
#2094=DIRECTION('center_axis',(1.,0.,0.));
#2095=DIRECTION('ref_axis',(0.,1.,0.));
#2096=DIRECTION('',(0.,1.,0.));
#2097=DIRECTION('',(0.,0.,1.));
#2098=DIRECTION('center_axis',(0.,0.,1.));
#2099=DIRECTION('ref_axis',(0.707106781186547,-0.707106781186548,0.));
#2100=DIRECTION('center_axis',(0.,0.,-1.));
#2101=DIRECTION('ref_axis',(0.707106781186547,-0.707106781186548,0.));
#2102=DIRECTION('',(0.,0.,-1.));
#2103=DIRECTION('center_axis',(0.,0.,1.));
#2104=DIRECTION('ref_axis',(-0.707106781186548,-0.707106781186547,0.));
#2105=DIRECTION('center_axis',(0.,0.,-1.));
#2106=DIRECTION('ref_axis',(-0.707106781186548,-0.707106781186547,0.));
#2107=DIRECTION('',(0.,0.,1.));
#2108=DIRECTION('center_axis',(-0.866025403784439,0.5,0.));
#2109=DIRECTION('ref_axis',(-0.5,-0.866025403784439,0.));
#2110=DIRECTION('',(0.,0.,1.));
#2111=DIRECTION('',(-0.5,-0.866025403784439,0.));
#2112=DIRECTION('',(0.,0.,1.));
#2113=DIRECTION('center_axis',(-0.866025403784439,-0.5,0.));
#2114=DIRECTION('ref_axis',(0.5,-0.866025403784439,0.));
#2115=DIRECTION('',(0.5,-0.866025403784439,0.));
#2116=DIRECTION('',(0.,0.,1.));
#2117=DIRECTION('center_axis',(0.,-1.,0.));
#2118=DIRECTION('ref_axis',(1.,0.,0.));
#2119=DIRECTION('',(1.,0.,0.));
#2120=DIRECTION('',(0.,0.,1.));
#2121=DIRECTION('center_axis',(0.866025403784439,-0.5,0.));
#2122=DIRECTION('ref_axis',(0.5,0.866025403784439,0.));
#2123=DIRECTION('',(0.5,0.866025403784439,0.));
#2124=DIRECTION('',(0.,0.,1.));
#2125=DIRECTION('center_axis',(0.866025403784439,0.5,0.));
#2126=DIRECTION('ref_axis',(-0.5,0.866025403784439,0.));
#2127=DIRECTION('',(-0.5,0.866025403784439,0.));
#2128=DIRECTION('',(0.,0.,1.));
#2129=DIRECTION('center_axis',(0.,1.,0.));
#2130=DIRECTION('ref_axis',(-1.,0.,0.));
#2131=DIRECTION('',(-1.,0.,0.));
#2132=DIRECTION('center_axis',(0.,-1.,0.));
#2133=DIRECTION('ref_axis',(1.,0.,0.));
#2134=DIRECTION('',(1.,0.,0.));
#2135=DIRECTION('center_axis',(0.,1.,0.));
#2136=DIRECTION('ref_axis',(-1.,0.,0.));
#2137=DIRECTION('',(-1.,0.,0.));
#2138=DIRECTION('center_axis',(0.,0.,1.));
#2139=DIRECTION('ref_axis',(1.,0.,0.));
#2140=DIRECTION('center_axis',(0.,0.,1.));
#2141=DIRECTION('ref_axis',(-0.707106781186548,-0.707106781186547,0.));
#2142=DIRECTION('center_axis',(0.,0.,-1.));
#2143=DIRECTION('ref_axis',(-0.707106781186548,-0.707106781186547,0.));
#2144=DIRECTION('',(0.,0.,-1.));
#2145=DIRECTION('center_axis',(0.,0.,1.));
#2146=DIRECTION('ref_axis',(-0.707106781186548,-0.707106781186547,0.));
#2147=DIRECTION('',(0.,0.,1.));
#2148=DIRECTION('center_axis',(0.,-1.,0.));
#2149=DIRECTION('ref_axis',(1.,0.,0.));
#2150=DIRECTION('',(-1.,0.,0.));
#2151=DIRECTION('',(0.,0.,-1.));
#2152=DIRECTION('',(1.,0.,0.));
#2153=DIRECTION('center_axis',(0.,0.,1.));
#2154=DIRECTION('ref_axis',(1.,0.,0.));
#2155=DIRECTION('',(0.,1.,0.));
#2156=DIRECTION('center_axis',(0.,0.,1.));
#2157=DIRECTION('ref_axis',(-0.707106781186547,0.707106781186548,0.));
#2158=DIRECTION('',(1.,0.,0.));
#2159=DIRECTION('center_axis',(0.,0.,1.));
#2160=DIRECTION('ref_axis',(0.707106781186548,0.707106781186547,0.));
#2161=DIRECTION('',(0.,-1.,0.));
#2162=DIRECTION('center_axis',(0.,0.,1.));
#2163=DIRECTION('ref_axis',(0.707106781186548,-0.707106781186547,0.));
#2164=DIRECTION('',(-1.,0.,0.));
#2165=DIRECTION('',(-0.5,-0.866025403784439,0.));
#2166=DIRECTION('',(0.5,-0.866025403784439,0.));
#2167=DIRECTION('',(1.,0.,0.));
#2168=DIRECTION('',(0.5,0.866025403784439,0.));
#2169=DIRECTION('',(-0.5,0.866025403784439,0.));
#2170=DIRECTION('center_axis',(0.,0.,1.));
#2171=DIRECTION('ref_axis',(0.707106781186548,-0.707106781186547,0.));
#2172=DIRECTION('center_axis',(0.,0.,-1.));
#2173=DIRECTION('ref_axis',(0.707106781186548,-0.707106781186547,0.));
#2174=DIRECTION('',(0.,0.,1.));
#2175=DIRECTION('center_axis',(1.,0.,0.));
#2176=DIRECTION('ref_axis',(0.,1.,0.));
#2177=DIRECTION('',(0.,0.,-1.));
#2178=DIRECTION('',(0.,1.,0.));
#2179=DIRECTION('center_axis',(0.,0.,1.));
#2180=DIRECTION('ref_axis',(0.707106781186548,0.707106781186547,0.));
#2181=DIRECTION('center_axis',(0.,0.,-1.));
#2182=DIRECTION('ref_axis',(0.707106781186548,0.707106781186547,0.));
#2183=DIRECTION('',(0.,0.,1.));
#2184=DIRECTION('center_axis',(0.,1.,0.));
#2185=DIRECTION('ref_axis',(-1.,0.,0.));
#2186=DIRECTION('',(0.,0.,-1.));
#2187=DIRECTION('',(-1.,0.,0.));
#2188=DIRECTION('center_axis',(0.,0.,1.));
#2189=DIRECTION('ref_axis',(-0.707106781186547,0.707106781186548,0.));
#2190=DIRECTION('center_axis',(0.,0.,-1.));
#2191=DIRECTION('ref_axis',(-0.707106781186547,0.707106781186548,0.));
#2192=DIRECTION('',(0.,0.,1.));
#2193=DIRECTION('center_axis',(-0.866025403784439,0.5,0.));
#2194=DIRECTION('ref_axis',(-0.5,-0.866025403784439,0.));
#2195=DIRECTION('',(0.,0.,1.));
#2196=DIRECTION('',(-0.5,-0.866025403784439,0.));
#2197=DIRECTION('',(0.,0.,1.));
#2198=DIRECTION('center_axis',(-0.866025403784439,-0.5,0.));
#2199=DIRECTION('ref_axis',(0.5,-0.866025403784439,0.));
#2200=DIRECTION('',(0.5,-0.866025403784439,0.));
#2201=DIRECTION('',(0.,0.,1.));
#2202=DIRECTION('center_axis',(0.,-1.,0.));
#2203=DIRECTION('ref_axis',(1.,0.,0.));
#2204=DIRECTION('',(1.,0.,0.));
#2205=DIRECTION('',(0.,0.,1.));
#2206=DIRECTION('center_axis',(0.866025403784439,-0.5,0.));
#2207=DIRECTION('ref_axis',(0.5,0.866025403784439,0.));
#2208=DIRECTION('',(0.5,0.866025403784439,0.));
#2209=DIRECTION('',(0.,0.,1.));
#2210=DIRECTION('center_axis',(0.866025403784439,0.5,0.));
#2211=DIRECTION('ref_axis',(-0.5,0.866025403784439,0.));
#2212=DIRECTION('',(-0.5,0.866025403784439,0.));
#2213=DIRECTION('',(0.,0.,1.));
#2214=DIRECTION('center_axis',(0.,1.,0.));
#2215=DIRECTION('ref_axis',(-1.,0.,0.));
#2216=DIRECTION('',(-1.,0.,0.));
#2217=DIRECTION('center_axis',(-1.,0.,0.));
#2218=DIRECTION('ref_axis',(0.,-1.,0.));
#2219=DIRECTION('',(0.,-1.,0.));
#2220=DIRECTION('center_axis',(0.,0.,1.));
#2221=DIRECTION('ref_axis',(1.,0.,0.));
#2222=CARTESIAN_POINT('',(0.,0.,0.));
#2223=CARTESIAN_POINT('Origin',(5.52981361294571,0.364120189345865,0.));
#2224=CARTESIAN_POINT('',(11.5000004172325,-4.42499956559386,0.));
#2225=CARTESIAN_POINT('',(11.5000004172325,-4.42499956559386,6.));
#2226=CARTESIAN_POINT('',(11.5000004172325,-4.42499956559386,0.));
#2227=CARTESIAN_POINT('',(11.5298136129457,-4.38759513306498,0.));
#2228=CARTESIAN_POINT('Origin',(5.52981361294571,0.364120189345865,0.));
#2229=CARTESIAN_POINT('',(11.5298136129457,-4.38759513306498,6.));
#2230=CARTESIAN_POINT('',(11.5298136129457,-4.38759513306498,0.));
#2231=CARTESIAN_POINT('Origin',(5.52981361294571,0.364120189345865,6.));
#2232=CARTESIAN_POINT('Origin',(5.52981361294571,0.364120189345865,0.));
#2233=CARTESIAN_POINT('',(11.5298136129457,-5.53931778962372,5.46068232958557));
#2234=CARTESIAN_POINT('',(11.5000004172325,-5.56946637305132,5.43053374615797));
#2235=CARTESIAN_POINT('Origin',(5.52981361294571,0.364120189345865,11.3641203085552));
#2236=CARTESIAN_POINT('',(11.5298136129457,-5.53931778962373,0.));
#2237=CARTESIAN_POINT('',(11.5298136129457,-5.53931778962373,0.));
#2238=CARTESIAN_POINT('',(11.5000004172325,-5.56946637305132,0.));
#2239=CARTESIAN_POINT('Origin',(5.52981361294571,0.364120189345865,0.));
#2240=CARTESIAN_POINT('',(11.5000004172325,-5.56946637305132,0.));
#2241=CARTESIAN_POINT('Origin',(11.5298136129457,-5.53931778962372,0.));
#2242=CARTESIAN_POINT('',(11.5298136129457,-0.769658865009542,0.));
#2243=CARTESIAN_POINT('',(11.5298136129457,-5.53931778962373,6.));
#2244=CARTESIAN_POINT('',(11.5298136129457,-5.53931778962372,0.));
#2245=CARTESIAN_POINT('',(11.5298136129457,-8.00000011920929,6.));
#2246=CARTESIAN_POINT('Origin',(8.52981361294571,-6.22037679982354,6.));
#2247=CARTESIAN_POINT('',(5.52981361294571,-7.28955856699308,6.));
#2248=CARTESIAN_POINT('',(5.52981361294571,-8.0531584665821,6.));
#2249=CARTESIAN_POINT('',(5.52981361294571,-6.75496768340831,6.));
#2250=CARTESIAN_POINT('Origin',(5.52981361294571,0.364120189345865,6.));
#2251=CARTESIAN_POINT('Origin',(5.52981361294571,0.364120189345865,6.));
#2252=CARTESIAN_POINT('Origin',(5.52981361294571,0.364120189345865,0.));
#2253=CARTESIAN_POINT('',(11.5298136129457,5.11583551175671,5.88416472666187));
#2254=CARTESIAN_POINT('',(11.5000004172325,5.15323994428558,5.846760294133));
#2255=CARTESIAN_POINT('Origin',(5.52981361294571,0.364120189345865,10.6358800490727));
#2256=CARTESIAN_POINT('',(11.5298136129457,5.1158355117567,0.));
#2257=CARTESIAN_POINT('',(11.5298136129457,5.1158355117567,0.));
#2258=CARTESIAN_POINT('',(11.5000004172325,5.15323994428558,0.));
#2259=CARTESIAN_POINT('Origin',(5.52981361294571,0.364120189345865,0.));
#2260=CARTESIAN_POINT('',(11.5000004172325,5.15323994428558,0.));
#2261=CARTESIAN_POINT('Origin',(5.52981361294571,0.364120189345865,0.));
#2262=CARTESIAN_POINT('',(5.52981361294571,8.78139884527383,3.));
#2263=CARTESIAN_POINT('',(6.25617149588271,8.75000023841858,3.));
#2264=CARTESIAN_POINT('Origin',(5.52981361294571,0.364120189345865,3.));
#2265=CARTESIAN_POINT('',(5.52981361294571,8.78139884527383,0.));
#2266=CARTESIAN_POINT('',(5.52981361294571,8.78139884527383,0.));
#2267=CARTESIAN_POINT('',(6.25617149588257,8.75000023841858,0.));
#2268=CARTESIAN_POINT('Origin',(5.52981361294571,0.364120189345865,0.));
#2269=CARTESIAN_POINT('',(6.25617149588271,8.75000023841858,0.));
#2270=CARTESIAN_POINT('Origin',(11.5298136129457,5.11583551175671,0.));
#2271=CARTESIAN_POINT('',(11.5298136129457,6.26755816831545,0.));
#2272=CARTESIAN_POINT('',(11.5298136129457,4.55791778568067,0.));
#2273=CARTESIAN_POINT('',(11.5298136129457,5.1158355117567,6.));
#2274=CARTESIAN_POINT('',(11.5298136129457,5.11583551175671,0.));
#2275=CARTESIAN_POINT('',(11.5298136129457,6.26755816831545,6.));
#2276=CARTESIAN_POINT('',(11.5298136129457,8.72824049790102,6.));
#2277=CARTESIAN_POINT('',(11.5298136129457,6.26755816831545,4.73244207010313));
#2278=CARTESIAN_POINT('',(11.5298136129457,6.26755816831545,0.));
#2279=CARTESIAN_POINT('',(11.5298136129457,6.26755816831545,0.));
#2280=CARTESIAN_POINT('Origin',(5.52981361294571,8.78139884527383,0.));
#2281=CARTESIAN_POINT('',(5.52981361294571,8.75000023841858,3.));
#2282=CARTESIAN_POINT('',(5.52981361294571,6.39069945243924,3.));
#2283=CARTESIAN_POINT('',(5.52981361294571,8.75000023841858,0.));
#2284=CARTESIAN_POINT('',(5.52981361294571,8.75000023841858,0.));
#2285=CARTESIAN_POINT('',(5.52981361294571,6.39069945243924,0.));
#2286=CARTESIAN_POINT('Origin',(5.52981361294571,0.364120189345865,0.));
#2287=CARTESIAN_POINT('',(11.5000004172325,6.29770675174305,4.70229348667553));
#2288=CARTESIAN_POINT('Origin',(5.52981361294571,0.364120189345865,10.6358800490727));
#2289=CARTESIAN_POINT('',(11.5000004172325,6.29770675174305,0.));
#2290=CARTESIAN_POINT('',(11.5000004172325,6.29770675174305,0.));
#2291=CARTESIAN_POINT('Origin',(5.52981361294571,0.364120189345865,0.));
#2292=CARTESIAN_POINT('Origin',(8.52981361294571,6.94861717851527,6.));
#2293=CARTESIAN_POINT('',(5.52981361294571,8.78139884527383,6.));
#2294=CARTESIAN_POINT('Origin',(5.52981361294571,0.364120189345865,6.));
#2295=CARTESIAN_POINT('',(5.52981361294571,8.0177989456848,6.));
#2296=CARTESIAN_POINT('Origin',(5.52981361294571,0.364120189345865,6.));
#2297=CARTESIAN_POINT('',(5.52981361294571,7.86500801189455,6.));
#2298=CARTESIAN_POINT('Origin',(5.52981361294571,0.364120189345865,0.));
#2299=CARTESIAN_POINT('',(5.52981361294571,-7.28955856699308,45.));
#2300=CARTESIAN_POINT('',(5.52981361294571,-7.28955856699308,0.));
#2301=CARTESIAN_POINT('',(13.0865091994073,-0.850437474491447,45.));
#2302=CARTESIAN_POINT('Origin',(5.52981361294571,0.364120189345865,45.));
#2303=CARTESIAN_POINT('',(12.5494789756687,-2.68597762885949,44.6273240393182));
#2304=CARTESIAN_POINT('Ctrl Pts',(12.5506896741068,-2.68318974550633,44.6202125382106));
#2305=CARTESIAN_POINT('Ctrl Pts',(12.693175638606,-2.35490797614562,44.7731646081277));
#2306=CARTESIAN_POINT('Ctrl Pts',(12.819117764498,-2.00099058278456,44.8803233812769));
#2307=CARTESIAN_POINT('Ctrl Pts',(12.9885128805152,-1.37275046448681,44.9818352490484));
#2308=CARTESIAN_POINT('Ctrl Pts',(13.0434879388801,-1.1181057621338,44.9997140938165));
#2309=CARTESIAN_POINT('Ctrl Pts',(13.0865091997425,-0.850437472405756,44.9999979826782));
#2310=CARTESIAN_POINT('',(11.5000004172325,-4.42499956559386,43.0662474406631));
#2311=CARTESIAN_POINT('Ctrl Pts',(11.5000004172325,-4.42499956559386,43.0662474406631));
#2312=CARTESIAN_POINT('Ctrl Pts',(11.6301043780942,-4.26281006312403,43.3350917970973));
#2313=CARTESIAN_POINT('Ctrl Pts',(11.7715027720524,-4.07211191633792,43.5783539090693));
#2314=CARTESIAN_POINT('Ctrl Pts',(12.1207962184721,-3.54577191803074,44.1197196884153));
#2315=CARTESIAN_POINT('Ctrl Pts',(12.3514887775018,-3.14164332191877,44.415530959224));
#2316=CARTESIAN_POINT('Ctrl Pts',(12.5494789756687,-2.68597762885949,44.6273240393182));
#2317=CARTESIAN_POINT('',(11.5000004172325,-4.42499956559386,0.));
#2318=CARTESIAN_POINT('Origin',(5.52981361294571,-7.28955856699308,0.));
#2319=CARTESIAN_POINT('',(5.52981361294571,-8.0531584665821,45.));
#2320=CARTESIAN_POINT('',(5.52981361294571,-8.0531584665821,0.));
#2321=CARTESIAN_POINT('',(5.52981361294571,-7.28955856699308,45.));
#2322=CARTESIAN_POINT('Origin',(5.52981361294571,8.78139884527383,0.));
#2323=CARTESIAN_POINT('',(5.52981361294571,8.0177989456848,45.));
#2324=CARTESIAN_POINT('',(5.52981361294571,8.0177989456848,0.));
#2325=CARTESIAN_POINT('',(5.52981361294571,8.78139884527383,45.));
#2326=CARTESIAN_POINT('',(5.52981361294571,8.78139884527383,45.));
#2327=CARTESIAN_POINT('',(5.52981361294571,8.78139884527383,0.));
#2328=CARTESIAN_POINT('Origin',(5.52981361294571,0.364120189345865,0.));
#2329=CARTESIAN_POINT('',(11.6197574711109,5.00000007450581,6.00000016391277));
#2330=CARTESIAN_POINT('Origin',(5.52981361294571,0.364120189345865,10.6358800490727));
#2331=CARTESIAN_POINT('',(11.6197574711109,5.00000007450581,41.));
#2332=CARTESIAN_POINT('',(11.6197574711109,5.00000007450581,0.));
#2333=CARTESIAN_POINT('',(12.5494789756687,3.41421800755122,44.1892870318869));
#2334=CARTESIAN_POINT('Ctrl Pts',(12.5494789756687,3.41421800755122,44.1892870318869));
#2335=CARTESIAN_POINT('Ctrl Pts',(12.4821316583201,3.5692148827473,44.0719579135219));
#2336=CARTESIAN_POINT('Ctrl Pts',(12.413564842258,3.71289834627319,43.9452918587399));
#2337=CARTESIAN_POINT('Ctrl Pts',(12.1719776602787,4.18621150108643,43.4668447030041));
#2338=CARTESIAN_POINT('Ctrl Pts',(11.9827538422097,4.48713087457408,43.0293876746928));
#2339=CARTESIAN_POINT('Ctrl Pts',(11.7038452550553,4.89413067482327,42.0555726393543));
#2340=CARTESIAN_POINT('Ctrl Pts',(11.6197574711109,5.00000007450581,41.5175321928565));
#2341=CARTESIAN_POINT('Ctrl Pts',(11.6197574711109,5.00000007450581,41.));
#2342=CARTESIAN_POINT('',(13.1714701740342,0.792936592491864,45.));
#2343=CARTESIAN_POINT('Ctrl Pts',(13.171470174094,0.792936591426609,44.9999987752912));
#2344=CARTESIAN_POINT('Ctrl Pts',(13.1618469624703,0.964425550072714,44.9998491440034));
#2345=CARTESIAN_POINT('Ctrl Pts',(13.1467894929029,1.13185743620357,44.9926373558323));
#2346=CARTESIAN_POINT('Ctrl Pts',(13.0967343100146,1.53782846618615,44.9533257243293));
#2347=CARTESIAN_POINT('Ctrl Pts',(13.0569361368314,1.76952610115308,44.9131003803796));
#2348=CARTESIAN_POINT('Ctrl Pts',(12.8937807281606,2.51693697678138,44.7206278577332));
#2349=CARTESIAN_POINT('Ctrl Pts',(12.7301903023027,2.99788277025093,44.4943008812694));
#2350=CARTESIAN_POINT('Ctrl Pts',(12.5506501977015,3.4115210745904,44.1850004676129));
#2351=CARTESIAN_POINT('Origin',(5.52981361294571,0.364120189345865,45.));
#2352=CARTESIAN_POINT('Origin',(5.52981361294571,0.364120189345865,0.));
#2353=CARTESIAN_POINT('',(12.016476373293,-5.00000007450581,6.00000004470349));
#2354=CARTESIAN_POINT('Origin',(5.52981361294571,0.364120189345865,11.3641203085552));
#2355=CARTESIAN_POINT('',(12.016476373293,-5.00000007450581,41.));
#2356=CARTESIAN_POINT('',(12.016476373293,-5.00000007450581,0.));
#2357=CARTESIAN_POINT('',(12.5494789756687,-4.28006398220507,43.2893625229327));
#2358=CARTESIAN_POINT('Ctrl Pts',(12.5494789756687,-4.28075636088964,43.2883702037374));
#2359=CARTESIAN_POINT('Ctrl Pts',(12.4431854817062,-4.44139459309697,43.0580687912793));
#2360=CARTESIAN_POINT('Ctrl Pts',(12.3423881290902,-4.58147301159723,42.8048343170945));
#2361=CARTESIAN_POINT('Ctrl Pts',(12.1072981984151,-4.894266632248,42.0530907548215));
#2362=CARTESIAN_POINT('Ctrl Pts',(12.016476373293,-5.00000007450581,41.5173728380665));
#2363=CARTESIAN_POINT('Ctrl Pts',(12.016476373293,-5.00000007450581,41.));
#2364=CARTESIAN_POINT('',(13.9392788555871,-7.45058059692383E-8,44.9829455598985));
#2365=CARTESIAN_POINT('Ctrl Pts',(13.9392128975547,-1.80255267760721E-7,
44.9822336020934));
#2366=CARTESIAN_POINT('Ctrl Pts',(13.9286654082286,-0.243595586056405,44.983246937042));
#2367=CARTESIAN_POINT('Ctrl Pts',(13.9069555094578,-0.492270251950187,44.9793514866154));
#2368=CARTESIAN_POINT('Ctrl Pts',(13.8312123560433,-1.06801578159232,44.9508110929247));
#2369=CARTESIAN_POINT('Ctrl Pts',(13.7504413289369,-1.51724364262518,44.9140139345112));
#2370=CARTESIAN_POINT('Ctrl Pts',(13.4544490659556,-2.52242634150265,44.6552340805629));
#2371=CARTESIAN_POINT('Ctrl Pts',(13.2757947378513,-2.95452773637682,44.4595266572255));
#2372=CARTESIAN_POINT('Ctrl Pts',(12.9382625209571,-3.64845715650828,44.0033463852792));
#2373=CARTESIAN_POINT('Ctrl Pts',(12.7410650808692,-3.99121791307305,43.7054062698444));
#2374=CARTESIAN_POINT('Ctrl Pts',(12.5494789756687,-4.28075636088965,43.289845777484));
#2375=CARTESIAN_POINT('',(12.5494789756687,5.00000007450581,41.));
#2376=CARTESIAN_POINT('Ctrl Pts',(12.5554262952842,4.9999962024965,41.0009678256461));
#2377=CARTESIAN_POINT('Ctrl Pts',(12.5554724909511,4.99992619353536,41.2879233424949));
#2378=CARTESIAN_POINT('Ctrl Pts',(12.5768433862528,4.96795295150857,41.5734815440169));
#2379=CARTESIAN_POINT('Ctrl Pts',(12.6561905061381,4.8441668046682,42.1327656162311));
#2380=CARTESIAN_POINT('Ctrl Pts',(12.7143707895971,4.7518403974014,42.4044108384179));
#2381=CARTESIAN_POINT('Ctrl Pts',(12.8886010884039,4.45565156451992,43.0364232015448));
#2382=CARTESIAN_POINT('Ctrl Pts',(13.0432390858733,4.18726987102999,43.4520181106914));
#2383=CARTESIAN_POINT('Ctrl Pts',(13.4041136836564,3.36897828085218,44.1814365053096));
#2384=CARTESIAN_POINT('Ctrl Pts',(13.5828178375714,2.88306603579906,44.4666013964769));
#2385=CARTESIAN_POINT('Ctrl Pts',(13.813576237794,1.91260688104621,44.8006670805238));
#2386=CARTESIAN_POINT('Ctrl Pts',(13.8813074994501,1.50026442908705,44.8856633936928));
#2387=CARTESIAN_POINT('Ctrl Pts',(13.9472047146526,0.715613898734542,44.9691817409543));
#2388=CARTESIAN_POINT('Ctrl Pts',(13.9544621833446,0.352183771154217,44.9807685509717));
#2389=CARTESIAN_POINT('Ctrl Pts',(13.9392128997074,-1.3053912794464E-7,
44.9822336018866));
#2390=CARTESIAN_POINT('',(12.5554237403233,5.00000007450581,6.00000016391277));
#2391=CARTESIAN_POINT('',(12.5554237403233,5.00000007450581,0.));
#2392=CARTESIAN_POINT('Origin',(5.52981361294571,0.364120189345865,10.6358800490727));
#2393=CARTESIAN_POINT('Origin',(5.52981361294571,0.364120189345865,45.));
#2394=CARTESIAN_POINT('Origin',(11.5000004172325,-5.00000007450581,0.));
#2395=CARTESIAN_POINT('',(19.7289661481596,-5.00000008568168,6.00000001524458));
#2396=CARTESIAN_POINT('',(13.5625004172325,-5.00000007450581,6.00000004470349));
#2397=CARTESIAN_POINT('',(12.5494789756687,-5.00000007450581,41.));
#2398=CARTESIAN_POINT('',(18.2564138638841,-5.00000007450581,13.1786924199497));
#2399=CARTESIAN_POINT('',(14.8332693669309,-5.00000007450581,41.));
#2400=CARTESIAN_POINT('Origin',(15.6250004172325,-6.50000011920929,4.5));
#2401=CARTESIAN_POINT('',(11.5000004172325,-7.00000011920929,4.));
#2402=CARTESIAN_POINT('',(11.5000004172325,-3.81250002980232,7.18750008940697));
#2403=CARTESIAN_POINT('',(12.5000004172325,-8.00000011920929,3.));
#2404=CARTESIAN_POINT('Origin',(12.5000004172325,-7.00000011920929,4.));
#2405=CARTESIAN_POINT('',(27.0000004172325,-8.00000011920929,3.));
#2406=CARTESIAN_POINT('',(28.0000004172325,-8.00000011920929,3.));
#2407=CARTESIAN_POINT('',(27.7071071984191,-7.70710690039584,3.29289321881345));
#2408=CARTESIAN_POINT('Origin',(27.0000004172325,-7.00000011920929,4.));
#2409=CARTESIAN_POINT('',(25.0000004172325,-5.00000011920929,6.));
#2410=CARTESIAN_POINT('',(24.2395837356647,-4.23958343764146,6.76041668156783));
#2411=CARTESIAN_POINT('',(15.6250004172325,-5.00000011920929,6.));
#2412=CARTESIAN_POINT('Origin',(23.8750004172325,6.87500023841858,4.125));
#2413=CARTESIAN_POINT('',(11.5000004172325,5.00000007486235,6.00000016305202));
#2414=CARTESIAN_POINT('',(11.5000004172325,8.37500023841858,2.625));
#2415=CARTESIAN_POINT('',(24.3540383166294,5.00000007450581,6.00000016391277));
#2416=CARTESIAN_POINT('Origin',(24.8330762160262,5.00000007450581,0.));
#2417=CARTESIAN_POINT('',(11.5000004172325,5.00000007450581,41.));
#2418=CARTESIAN_POINT('',(11.5000004172325,5.00000007450581,0.));
#2419=CARTESIAN_POINT('',(21.4998072663278,5.00000007450581,41.));
#2420=CARTESIAN_POINT('Origin',(11.5000004172325,8.75000023841858,0.));
#2421=CARTESIAN_POINT('',(11.5000004172325,-8.00000011920929,0.));
#2422=CARTESIAN_POINT('',(11.5000004172325,-1.00000007450581,45.));
#2423=CARTESIAN_POINT('Origin',(11.5000004172325,-1.00000007450581,41.));
#2424=CARTESIAN_POINT('',(11.5000004172325,1.00000007450581,45.));
#2425=CARTESIAN_POINT('',(11.5000004172325,5.00000007450581,45.));
#2426=CARTESIAN_POINT('Origin',(11.5000004172325,1.00000007450581,41.));
#2427=CARTESIAN_POINT('Origin',(11.5000004172325,8.75000023841858,0.));
#2428=CARTESIAN_POINT('',(11.5000004172325,-7.00000011920929,0.));
#2429=CARTESIAN_POINT('',(11.5000004172325,-8.00000011920929,0.));
#2430=CARTESIAN_POINT('',(11.5000004172325,-7.00000011920929,0.));
#2431=CARTESIAN_POINT('Origin',(14.8332693669309,-1.00000007450581,41.));
#2432=CARTESIAN_POINT('',(12.5494789756687,-1.00000007450581,45.));
#2433=CARTESIAN_POINT('Origin',(12.5494789756687,-1.00000007450581,41.));
#2434=CARTESIAN_POINT('',(14.8332693669309,-1.00000007450581,45.));
#2435=CARTESIAN_POINT('Origin',(14.8332693669309,-1.00000007450581,41.));
#2436=CARTESIAN_POINT('Origin',(12.5494789756687,-1.00000007450581,41.));
#2437=CARTESIAN_POINT('Ctrl Pts',(12.5489578267521,0.996782048214558,44.9999986095785));
#2438=CARTESIAN_POINT('Ctrl Pts',(12.8536174255618,0.997071089326817,45.0000033780786));
#2439=CARTESIAN_POINT('Ctrl Pts',(13.3815235863129,0.746882140041933,44.9999999030553));
#2440=CARTESIAN_POINT('Ctrl Pts',(13.5676190999635,0.223414705147085,44.9999989656867));
#2441=CARTESIAN_POINT('Ctrl Pts',(13.5674976312274,-0.000510708095131408,
44.9999989662977));
#2442=CARTESIAN_POINT('Ctrl Pts',(12.5483544221842,2.19475389027385,45.0010309667183));
#2443=CARTESIAN_POINT('Ctrl Pts',(13.205786924932,2.14841893857541,44.9992161291999));
#2444=CARTESIAN_POINT('Ctrl Pts',(14.2611818842575,1.54477214568079,45.0004418917582));
#2445=CARTESIAN_POINT('Ctrl Pts',(14.6113189285757,0.462664304989549,45.0007688706875));
#2446=CARTESIAN_POINT('Ctrl Pts',(14.6110903775723,-0.00105769136067953,
45.0007686575937));
#2447=CARTESIAN_POINT('Ctrl Pts',(12.547317084958,4.2691174006265,43.9970502681565));
#2448=CARTESIAN_POINT('Ctrl Pts',(13.811210756537,4.14820458088777,44.0787798820009));
#2449=CARTESIAN_POINT('Ctrl Pts',(15.7888210903528,2.93215666273557,44.2081018013203));
#2450=CARTESIAN_POINT('Ctrl Pts',(16.4265593108429,0.877040971041361,44.2501342340996));
#2451=CARTESIAN_POINT('Ctrl Pts',(16.4261430216875,-0.00200506418485197,
44.2501067971316));
#2452=CARTESIAN_POINT('Ctrl Pts',(12.5469480849176,5.00014081107408,41.8971050892983));
#2453=CARTESIAN_POINT('Ctrl Pts',(14.0265192379158,4.94652930195679,42.1040418240281));
#2454=CARTESIAN_POINT('Ctrl Pts',(16.491653127957,3.62532553786932,42.450782332035));
#2455=CARTESIAN_POINT('Ctrl Pts',(17.3321842667781,1.08472258586491,42.5697781998516));
#2456=CARTESIAN_POINT('Ctrl Pts',(17.3316356219716,-0.00247987558181402,
42.5697005271821));
#2457=CARTESIAN_POINT('Ctrl Pts',(12.5469495621467,4.99999934683084,40.9993805312033));
#2458=CARTESIAN_POINT('Ctrl Pts',(14.0256253596739,5.00083101325487,41.2400178363701));
#2459=CARTESIAN_POINT('Ctrl Pts',(16.586769735426,3.74515429763563,41.6568133545607));
#2460=CARTESIAN_POINT('Ctrl Pts',(17.4893366245137,1.12029472117323,41.8036949644764));
#2461=CARTESIAN_POINT('Ctrl Pts',(17.4887474986529,-0.00256120362343172,
41.8035990915211));
#2462=CARTESIAN_POINT('',(12.5494789756687,1.0000000745058,45.));
#2463=CARTESIAN_POINT('Origin',(12.5494789756687,1.0000000745058,41.));
#2464=CARTESIAN_POINT('Origin',(12.5494789756687,7.45058056916825E-8,45.));
#2465=CARTESIAN_POINT('Ctrl Pts',(13.5674976330963,0.00051055918310678,
44.999998966299));
#2466=CARTESIAN_POINT('Ctrl Pts',(13.5676190686866,-0.223414855653474,44.9999989656872));
#2467=CARTESIAN_POINT('Ctrl Pts',(13.381523489411,-0.746882212920707,44.9999999030554));
#2468=CARTESIAN_POINT('Ctrl Pts',(12.8536173743929,-0.997071091148328,45.0000033780764));
#2469=CARTESIAN_POINT('Ctrl Pts',(12.5489578270845,-0.996782050273465,44.9999986095802));
#2470=CARTESIAN_POINT('Ctrl Pts',(14.6110903789078,0.00105738364873352,
45.0007686571015));
#2471=CARTESIAN_POINT('Ctrl Pts',(14.6113188654924,-0.462664615701471,45.0007688705014));
#2472=CARTESIAN_POINT('Ctrl Pts',(14.2611816959545,-1.54477230683471,45.0004418915058));
#2473=CARTESIAN_POINT('Ctrl Pts',(13.2057868135683,-2.14841894753682,44.9992161289068));
#2474=CARTESIAN_POINT('Ctrl Pts',(12.548354422903,-2.19475389158155,45.0010309660588));
#2475=CARTESIAN_POINT('Ctrl Pts',(16.4261430221634,0.00200447936231813,
44.2501067966371));
#2476=CARTESIAN_POINT('Ctrl Pts',(16.4265591926021,-0.877041560492114,44.2501342257394));
#2477=CARTESIAN_POINT('Ctrl Pts',(15.7888207424911,-2.93215697640186,44.2081017777867));
#2478=CARTESIAN_POINT('Ctrl Pts',(13.8112105416986,-4.14820460117224,44.0787798675063));
#2479=CARTESIAN_POINT('Ctrl Pts',(12.5473170863411,-4.26911740062927,43.997050267609));
#2480=CARTESIAN_POINT('Ctrl Pts',(17.3316356222278,0.00247915302267789,
42.5697005274003));
#2481=CARTESIAN_POINT('Ctrl Pts',(17.3321841147247,-1.08472331426958,42.5697781784667));
#2482=CARTESIAN_POINT('Ctrl Pts',(16.491652677866,-3.62532590034773,42.4507822684881));
#2483=CARTESIAN_POINT('Ctrl Pts',(14.0265189864122,-4.9465293104626,42.1040417890547));
#2484=CARTESIAN_POINT('Ctrl Pts',(12.5469480865368,-5.00014081094189,41.897105089736));
#2485=CARTESIAN_POINT('Ctrl Pts',(17.4887474989643,0.00256045692020998,
41.8035990918506));
#2486=CARTESIAN_POINT('Ctrl Pts',(17.4893364640408,-1.12029547379617,41.8036949386402));
#2487=CARTESIAN_POINT('Ctrl Pts',(16.5867692580325,-3.74515465632278,41.6568132771559));
#2488=CARTESIAN_POINT('Ctrl Pts',(14.0256251083861,-5.00083101255372,41.2400177957803));
#2489=CARTESIAN_POINT('Ctrl Pts',(12.5469495637648,-4.99999934683182,40.9993805317829));
#2490=CARTESIAN_POINT('Origin',(12.5494789756687,-7.45058059692383E-8,45.));
#2491=CARTESIAN_POINT('Ctrl Pts',(13.5674976330963,0.00051055918310678,
44.999998966299));
#2492=CARTESIAN_POINT('Ctrl Pts',(13.5676190686866,-0.223414855653474,44.9999989656872));
#2493=CARTESIAN_POINT('Ctrl Pts',(13.381523489411,-0.746882212920707,44.9999999030554));
#2494=CARTESIAN_POINT('Ctrl Pts',(12.8536173743929,-0.997071091148328,45.0000033780764));
#2495=CARTESIAN_POINT('Ctrl Pts',(12.5489578270845,-0.996782050273465,44.9999986095802));
#2496=CARTESIAN_POINT('Ctrl Pts',(14.6110903789078,0.00105738364873352,
45.0007686571015));
#2497=CARTESIAN_POINT('Ctrl Pts',(14.6113188654924,-0.462664615701471,45.0007688705014));
#2498=CARTESIAN_POINT('Ctrl Pts',(14.2611816959545,-1.54477230683471,45.0004418915058));
#2499=CARTESIAN_POINT('Ctrl Pts',(13.2057868135683,-2.14841894753682,44.9992161289068));
#2500=CARTESIAN_POINT('Ctrl Pts',(12.548354422903,-2.19475389158155,45.0010309660588));
#2501=CARTESIAN_POINT('Ctrl Pts',(16.4261430221634,0.00200447936231813,
44.2501067966371));
#2502=CARTESIAN_POINT('Ctrl Pts',(16.4265591926021,-0.877041560492114,44.2501342257394));
#2503=CARTESIAN_POINT('Ctrl Pts',(15.7888207424911,-2.93215697640186,44.2081017777867));
#2504=CARTESIAN_POINT('Ctrl Pts',(13.8112105416986,-4.14820460117224,44.0787798675063));
#2505=CARTESIAN_POINT('Ctrl Pts',(12.5473170863411,-4.26911740062927,43.997050267609));
#2506=CARTESIAN_POINT('Ctrl Pts',(17.3316356222278,0.00247915302267789,
42.5697005274003));
#2507=CARTESIAN_POINT('Ctrl Pts',(17.3321841147247,-1.08472331426958,42.5697781784667));
#2508=CARTESIAN_POINT('Ctrl Pts',(16.491652677866,-3.62532590034773,42.4507822684881));
#2509=CARTESIAN_POINT('Ctrl Pts',(14.0265189864122,-4.9465293104626,42.1040417890547));
#2510=CARTESIAN_POINT('Ctrl Pts',(12.5469480865368,-5.00014081094189,41.897105089736));
#2511=CARTESIAN_POINT('Ctrl Pts',(17.4887474989643,0.00256045692020998,
41.8035990918506));
#2512=CARTESIAN_POINT('Ctrl Pts',(17.4893364640408,-1.12029547379617,41.8036949386402));
#2513=CARTESIAN_POINT('Ctrl Pts',(16.5867692580325,-3.74515465632278,41.6568132771559));
#2514=CARTESIAN_POINT('Ctrl Pts',(14.0256251083861,-5.00083101255372,41.2400177957803));
#2515=CARTESIAN_POINT('Ctrl Pts',(12.5469495637648,-4.99999934683182,40.9993805317829));
#2516=CARTESIAN_POINT('',(17.4887117904087,-7.45058059692383E-8,41.8037765748853));
#2517=CARTESIAN_POINT('Origin',(12.5494789756687,-7.45058059692383E-8,41.));
#2518=CARTESIAN_POINT('Origin',(13.5703009878427,-7.45058059692383E-8,41.));
#2519=CARTESIAN_POINT('Origin',(4.17232510763199E-7,4.00000005960464,3.));
#2520=CARTESIAN_POINT('',(11.5000004172325,8.75000023841858,3.));
#2521=CARTESIAN_POINT('',(28.0000004172325,8.75000023841858,3.));
#2522=CARTESIAN_POINT('',(11.5000004172325,8.00000023841858,3.));
#2523=CARTESIAN_POINT('',(11.5000004172325,-8.00000011920929,3.));
#2524=CARTESIAN_POINT('',(28.0000004172325,8.00000023841858,3.));
#2525=CARTESIAN_POINT('',(11.9375004172325,8.00000023841858,3.));
#2526=CARTESIAN_POINT('',(28.0000004172325,15.0000002384186,3.));
#2527=CARTESIAN_POINT('',(28.0000004172325,16.0000002384186,3.));
#2528=CARTESIAN_POINT('',(27.0000004172325,16.0000002384186,3.));
#2529=CARTESIAN_POINT('Origin',(27.0000004172325,15.0000002384186,3.));
#2530=CARTESIAN_POINT('',(-26.9999995827675,16.0000002384186,3.));
#2531=CARTESIAN_POINT('',(11.5000004172325,16.0000002384186,3.));
#2532=CARTESIAN_POINT('',(-27.9999995827675,15.0000002384186,3.));
#2533=CARTESIAN_POINT('Origin',(-26.9999995827675,15.0000002384186,3.));
#2534=CARTESIAN_POINT('',(-27.9999995827675,9.75000023841858,3.));
#2535=CARTESIAN_POINT('',(-27.9999995827675,8.75000023841858,3.));
#2536=CARTESIAN_POINT('',(-26.9999995827675,8.75000023841858,3.));
#2537=CARTESIAN_POINT('Origin',(-26.9999995827675,9.75000023841858,3.));
#2538=CARTESIAN_POINT('',(28.0000004172325,8.75000023841858,3.));
#2539=CARTESIAN_POINT('',(-21.9900591789476,12.3734939865776,3.));
#2540=CARTESIAN_POINT('Origin',(-20.3900591789476,12.3734939865776,3.));
#2541=CARTESIAN_POINT('',(18.8075673473451,12.3750002384186,3.));
#2542=CARTESIAN_POINT('Origin',(20.4075673473451,12.3750002384186,3.));
#2543=CARTESIAN_POINT('Origin',(-27.9999995827675,8.75000023841858,0.));
#2544=CARTESIAN_POINT('',(11.5000004172325,8.75000023841858,0.));
#2545=CARTESIAN_POINT('',(28.0000004172325,8.75000023841858,0.));
#2546=CARTESIAN_POINT('',(11.5000004172325,8.75000023841858,0.));
#2547=CARTESIAN_POINT('Origin',(4.17232510763199E-7,4.00000005960464,0.));
#2548=CARTESIAN_POINT('',(11.5000004172325,-8.00000011920929,0.));
#2549=CARTESIAN_POINT('',(-26.9999995827675,8.75000023841858,0.));
#2550=CARTESIAN_POINT('',(28.0000004172325,8.75000023841858,0.));
#2551=CARTESIAN_POINT('',(-27.9999995827675,9.75000023841858,0.));
#2552=CARTESIAN_POINT('Origin',(-26.9999995827675,9.75000023841858,0.));
#2553=CARTESIAN_POINT('',(-27.9999995827675,15.0000002384186,0.));
#2554=CARTESIAN_POINT('',(-27.9999995827675,8.75000023841858,0.));
#2555=CARTESIAN_POINT('',(-26.9999995827675,16.0000002384186,0.));
#2556=CARTESIAN_POINT('Origin',(-26.9999995827675,15.0000002384186,0.));
#2557=CARTESIAN_POINT('',(27.0000004172325,16.0000002384186,0.));
#2558=CARTESIAN_POINT('',(11.5000004172325,16.0000002384186,0.));
#2559=CARTESIAN_POINT('',(28.0000004172325,15.0000002384186,0.));
#2560=CARTESIAN_POINT('Origin',(27.0000004172325,15.0000002384186,0.));
#2561=CARTESIAN_POINT('',(28.0000004172325,6.00000008939884,0.));
#2562=CARTESIAN_POINT('',(28.0000004172325,16.0000002384186,0.));
#2563=CARTESIAN_POINT('',(25.000000461943,6.00000008939884,0.));
#2564=CARTESIAN_POINT('',(14.0000004619377,6.00000008939884,0.));
#2565=CARTESIAN_POINT('',(25.000000461943,-1.00000001490116,0.));
#2566=CARTESIAN_POINT('',(25.000000461943,3.25000004842674,0.));
#2567=CARTESIAN_POINT('',(28.0000004172325,-1.00000001490116,0.));
#2568=CARTESIAN_POINT('',(14.0000004619377,-1.00000001490116,0.));
#2569=CARTESIAN_POINT('',(28.0000004172325,-7.00000011920929,0.));
#2570=CARTESIAN_POINT('',(28.0000004172325,16.0000002384186,0.));
#2571=CARTESIAN_POINT('',(27.0000004172325,-8.00000011920929,0.));
#2572=CARTESIAN_POINT('Origin',(27.0000004172325,-7.00000011920929,0.));
#2573=CARTESIAN_POINT('',(12.5000004172325,-8.00000011920929,0.));
#2574=CARTESIAN_POINT('',(28.0000004172325,-8.00000011920929,0.));
#2575=CARTESIAN_POINT('Origin',(12.5000004172325,-7.00000011920929,0.));
#2576=CARTESIAN_POINT('',(18.8075673473451,12.3750002384186,0.));
#2577=CARTESIAN_POINT('Origin',(20.4075673473451,12.3750002384186,0.));
#2578=CARTESIAN_POINT('',(-21.9900591789476,12.3734939865776,0.));
#2579=CARTESIAN_POINT('Origin',(-20.3900591789476,12.3734939865776,0.));
#2580=CARTESIAN_POINT('Ctrl Pts',(12.5489578267521,0.996782048214558,44.9999986095785));
#2581=CARTESIAN_POINT('Ctrl Pts',(12.8536174255618,0.997071089326817,45.0000033780786));
#2582=CARTESIAN_POINT('Ctrl Pts',(13.3815235863129,0.746882140041933,44.9999999030553));
#2583=CARTESIAN_POINT('Ctrl Pts',(13.5676190999635,0.223414705147085,44.9999989656867));
#2584=CARTESIAN_POINT('Ctrl Pts',(13.5674976312274,-0.000510708095131408,
44.9999989662977));
#2585=CARTESIAN_POINT('Ctrl Pts',(12.5483544221842,2.19475389027385,45.0010309667183));
#2586=CARTESIAN_POINT('Ctrl Pts',(13.205786924932,2.14841893857541,44.9992161291999));
#2587=CARTESIAN_POINT('Ctrl Pts',(14.2611818842575,1.54477214568079,45.0004418917582));
#2588=CARTESIAN_POINT('Ctrl Pts',(14.6113189285757,0.462664304989549,45.0007688706875));
#2589=CARTESIAN_POINT('Ctrl Pts',(14.6110903775723,-0.00105769136067953,
45.0007686575937));
#2590=CARTESIAN_POINT('Ctrl Pts',(12.547317084958,4.2691174006265,43.9970502681565));
#2591=CARTESIAN_POINT('Ctrl Pts',(13.811210756537,4.14820458088777,44.0787798820009));
#2592=CARTESIAN_POINT('Ctrl Pts',(15.7888210903528,2.93215666273557,44.2081018013203));
#2593=CARTESIAN_POINT('Ctrl Pts',(16.4265593108429,0.877040971041361,44.2501342340996));
#2594=CARTESIAN_POINT('Ctrl Pts',(16.4261430216875,-0.00200506418485197,
44.2501067971316));
#2595=CARTESIAN_POINT('Ctrl Pts',(12.5469480849176,5.00014081107408,41.8971050892983));
#2596=CARTESIAN_POINT('Ctrl Pts',(14.0265192379158,4.94652930195679,42.1040418240281));
#2597=CARTESIAN_POINT('Ctrl Pts',(16.491653127957,3.62532553786932,42.450782332035));
#2598=CARTESIAN_POINT('Ctrl Pts',(17.3321842667781,1.08472258586491,42.5697781998516));
#2599=CARTESIAN_POINT('Ctrl Pts',(17.3316356219716,-0.00247987558181402,
42.5697005271821));
#2600=CARTESIAN_POINT('Ctrl Pts',(12.5469495621467,4.99999934683084,40.9993805312033));
#2601=CARTESIAN_POINT('Ctrl Pts',(14.0256253596739,5.00083101325487,41.2400178363701));
#2602=CARTESIAN_POINT('Ctrl Pts',(16.586769735426,3.74515429763563,41.6568133545607));
#2603=CARTESIAN_POINT('Ctrl Pts',(17.4893366245137,1.12029472117323,41.8036949644764));
#2604=CARTESIAN_POINT('Ctrl Pts',(17.4887474986529,-0.00256120362343172,
41.8035990915211));
#2605=CARTESIAN_POINT('Origin',(12.5494789756687,7.45058056916825E-8,41.));
#2606=CARTESIAN_POINT('Origin',(21.4998072663278,1.00000007450581,41.));
#2607=CARTESIAN_POINT('',(21.4998072663278,1.00000007450581,45.));
#2608=CARTESIAN_POINT('Origin',(9.7384529409097,0.364120189345865,45.));
#2609=CARTESIAN_POINT('Origin',(28.000000506643,-1.00000001490116,1.));
#2610=CARTESIAN_POINT('',(28.0000004176122,-1.00000001490116,1.99999997090252));
#2611=CARTESIAN_POINT('',(28.0000004172325,-1.00000001490116,0.5));
#2612=CARTESIAN_POINT('',(27.0192312466468,-1.00000001490116,1.34615385646923));
#2613=CARTESIAN_POINT('Origin',(26.500000461943,2.50000003724884,1.));
#2614=CARTESIAN_POINT('',(28.0000004176122,6.00000008939884,1.99999997090252));
#2615=CARTESIAN_POINT('',(27.0192312466468,6.00000008939884,1.34615385646923));
#2616=CARTESIAN_POINT('',(28.0000004172325,-2.75000004098022,1.99999997019304));
#2617=CARTESIAN_POINT('Origin',(28.000000506643,6.00000008939884,1.));
#2618=CARTESIAN_POINT('',(28.0000004172325,6.00000008939884,0.5));
#2619=CARTESIAN_POINT('Origin',(-26.9999995827675,9.75000023841858,0.));
#2620=CARTESIAN_POINT('',(-27.9999995827675,9.75000023841858,0.));
#2621=CARTESIAN_POINT('',(-26.9999995827675,8.75000023841858,0.));
#2622=CARTESIAN_POINT('Origin',(-27.9999995827675,8.75000023841858,0.));
#2623=CARTESIAN_POINT('Origin',(-26.9999995827675,15.0000002384186,0.));
#2624=CARTESIAN_POINT('',(-26.9999995827675,16.0000002384186,0.));
#2625=CARTESIAN_POINT('',(-27.9999995827675,15.0000002384186,0.));
#2626=CARTESIAN_POINT('Origin',(28.0000004172325,16.0000002384186,0.));
#2627=CARTESIAN_POINT('',(27.0000004172325,16.0000002384186,0.));
#2628=CARTESIAN_POINT('Origin',(27.0000004172325,15.0000002384186,0.));
#2629=CARTESIAN_POINT('',(28.0000004172325,15.0000002384186,0.));
#2630=CARTESIAN_POINT('Origin',(28.0000004172325,-8.00000011920929,0.));
#2631=CARTESIAN_POINT('',(28.0000004172325,-7.00000011920929,3.));
#2632=CARTESIAN_POINT('',(28.0000004172325,16.0000002384186,3.));
#2633=CARTESIAN_POINT('',(28.0000004172325,-7.00000011920929,0.));
#2634=CARTESIAN_POINT('Origin',(12.5000004172325,-7.00000011920929,0.));
#2635=CARTESIAN_POINT('',(12.5000004172325,-8.00000011920929,0.));
#2636=CARTESIAN_POINT('Origin',(11.5000004172325,8.75000023841858,0.));
#2637=CARTESIAN_POINT('',(11.5000004172325,8.37500023841858,2.625));
#2638=CARTESIAN_POINT('Origin',(27.0000004172325,-7.00000011920929,0.));
#2639=CARTESIAN_POINT('',(27.0000004172325,-8.00000011920929,0.));
#2640=CARTESIAN_POINT('Origin',(27.0000004172325,-7.00000011920929,4.));
#2641=CARTESIAN_POINT('Origin',(26.5000004172325,-3.81250002980232,4.5));
#2642=CARTESIAN_POINT('',(25.0000003778952,5.00000011713743,6.000000081216));
#2643=CARTESIAN_POINT('',(24.468750372529,4.46875019371509,6.53125004470349));
#2644=CARTESIAN_POINT('',(25.0000004172325,-3.81250002980232,6.));
#2645=CARTESIAN_POINT('Origin',(18.5255989904213,7.45058056916825E-8,11.866414928081));
#2646=CARTESIAN_POINT('',(24.8330762160262,-7.45058059692383E-8,6.));
#2647=CARTESIAN_POINT('',(23.1544273670916,-7.45058059692383E-8,14.1834131385564));
#2648=CARTESIAN_POINT('',(19.7289661267822,5.00000007450581,6.00000009734331));
#2649=CARTESIAN_POINT('Origin',(19.7289661551559,7.45058056916825E-8,6.));
#2650=CARTESIAN_POINT('',(18.5255989904213,5.00000007450581,11.866414928081));
#2651=CARTESIAN_POINT('Origin',(24.8330762160262,5.00000007450581,0.));
#2652=CARTESIAN_POINT('',(24.3540383166294,5.00000007450581,6.00000016391277));
#2653=CARTESIAN_POINT('Origin',(18.2564138638841,-7.45058059692383E-8,13.1786924199497));
#2654=CARTESIAN_POINT('Origin',(19.7289661551559,-7.45058059692383E-8,6.));
#2655=CARTESIAN_POINT('Origin',(23.8750004172325,6.87500023841858,4.125));
#2656=CARTESIAN_POINT('',(24.3540383166294,5.00000007450581,6.00000016391277));
#2657=CARTESIAN_POINT('Origin',(19.7500004172325,0.375000059604644,6.));
#2658=CARTESIAN_POINT('Origin',(-20.3900591789476,12.3734939865776,0.));
#2659=CARTESIAN_POINT('',(-21.9900591789476,12.3734939865776,0.));
#2660=CARTESIAN_POINT('Origin',(20.4075673473451,12.3750002384186,0.));
#2661=CARTESIAN_POINT('',(18.8075673473451,12.3750002384186,0.));
#2662=CARTESIAN_POINT('Origin',(-27.9999995827675,16.0000002384186,0.));
#2663=CARTESIAN_POINT('Origin',(11.5000004172325,-8.00000011920929,0.));
#2664=CARTESIAN_POINT('Origin',(-22.3900591789476,13.8734939865776,0.));
#2665=CARTESIAN_POINT('',(-24.3900591789476,13.8734939865776,6.));
#2666=CARTESIAN_POINT('',(-22.3900591789476,15.8734939865776,6.));
#2667=CARTESIAN_POINT('Origin',(-22.3900591789476,13.8734939865776,6.));
#2668=CARTESIAN_POINT('',(-22.3900591789476,15.8734939865776,0.));
#2669=CARTESIAN_POINT('',(-22.3900591789476,15.8734939865776,0.));
#2670=CARTESIAN_POINT('',(-24.3900591789476,13.8734939865776,0.));
#2671=CARTESIAN_POINT('Origin',(-22.3900591789476,13.8734939865776,0.));
#2672=CARTESIAN_POINT('',(-24.3900591789476,13.8734939865776,0.));
#2673=CARTESIAN_POINT('Origin',(-24.3900591789476,15.8734939865776,0.));
#2674=CARTESIAN_POINT('',(-24.3900591789476,10.8734939865776,0.));
#2675=CARTESIAN_POINT('',(-24.3900591789476,8.87349398657762,0.));
#2676=CARTESIAN_POINT('',(-24.3900591789476,10.8734939865776,6.));
#2677=CARTESIAN_POINT('',(-24.3900591789476,10.8734939865776,0.));
#2678=CARTESIAN_POINT('',(-24.3900591789476,8.87349398657762,6.));
#2679=CARTESIAN_POINT('Origin',(-20.3900591789476,12.3734939865776,0.));
#2680=CARTESIAN_POINT('',(-18.3900591789476,15.8734939865776,0.));
#2681=CARTESIAN_POINT('',(-24.3900591789476,15.8734939865776,0.));
#2682=CARTESIAN_POINT('',(-16.3900591789476,13.8734939865776,0.));
#2683=CARTESIAN_POINT('Origin',(-18.3900591789476,13.8734939865776,0.));
#2684=CARTESIAN_POINT('',(-16.3900591789476,10.8734939865776,0.));
#2685=CARTESIAN_POINT('',(-16.3900591789476,15.8734939865776,0.));
#2686=CARTESIAN_POINT('',(-18.3900591789476,8.87349398657762,0.));
#2687=CARTESIAN_POINT('Origin',(-18.3900591789476,10.8734939865776,0.));
#2688=CARTESIAN_POINT('',(-22.3900591789476,8.87349398657762,0.));
#2689=CARTESIAN_POINT('',(-16.3900591789476,8.87349398657762,0.));
#2690=CARTESIAN_POINT('Origin',(-22.3900591789476,10.8734939865776,0.));
#2691=CARTESIAN_POINT('',(-18.7157433982977,9.47349398657762,0.));
#2692=CARTESIAN_POINT('',(-22.0643749595975,9.47349398657762,0.));
#2693=CARTESIAN_POINT('',(-22.0643749595975,9.47349398657762,0.));
#2694=CARTESIAN_POINT('',(-17.0414276176478,12.3734939865776,0.));
#2695=CARTESIAN_POINT('',(-18.7157433982977,9.47349398657762,0.));
#2696=CARTESIAN_POINT('',(-18.7157433982977,15.2734939865776,0.));
#2697=CARTESIAN_POINT('',(-17.0414276176478,12.3734939865776,0.));
#2698=CARTESIAN_POINT('',(-22.0643749595975,15.2734939865776,0.));
#2699=CARTESIAN_POINT('',(-18.7157433982977,15.2734939865776,0.));
#2700=CARTESIAN_POINT('',(-23.7386907402474,12.3734939865776,0.));
#2701=CARTESIAN_POINT('',(-22.0643749595975,15.2734939865776,0.));
#2702=CARTESIAN_POINT('',(-23.7386907402474,12.3734939865776,0.));
#2703=CARTESIAN_POINT('Origin',(-18.3900591789476,13.8734939865776,0.));
#2704=CARTESIAN_POINT('',(-18.3900591789476,15.8734939865776,6.));
#2705=CARTESIAN_POINT('',(-16.3900591789476,13.8734939865776,6.));
#2706=CARTESIAN_POINT('Origin',(-18.3900591789476,13.8734939865776,6.));
#2707=CARTESIAN_POINT('',(-16.3900591789476,13.8734939865776,0.));
#2708=CARTESIAN_POINT('',(-18.3900591789476,15.8734939865776,0.));
#2709=CARTESIAN_POINT('Origin',(-16.3900591789476,8.87349398657762,0.));
#2710=CARTESIAN_POINT('',(-16.3900591789476,10.8734939865776,6.));
#2711=CARTESIAN_POINT('',(-16.3900591789476,15.8734939865776,6.));
#2712=CARTESIAN_POINT('',(-16.3900591789476,10.8734939865776,0.));
#2713=CARTESIAN_POINT('Origin',(-18.3900591789476,10.8734939865776,0.));
#2714=CARTESIAN_POINT('',(-18.3900591789476,8.87349398657762,6.));
#2715=CARTESIAN_POINT('Origin',(-18.3900591789476,10.8734939865776,6.));
#2716=CARTESIAN_POINT('',(-18.3900591789476,8.87349398657762,0.));
#2717=CARTESIAN_POINT('Origin',(-22.3900591789476,10.8734939865776,0.));
#2718=CARTESIAN_POINT('',(-22.3900591789476,8.87349398657762,6.));
#2719=CARTESIAN_POINT('Origin',(-22.3900591789476,10.8734939865776,6.));
#2720=CARTESIAN_POINT('',(-22.3900591789476,8.87349398657762,0.));
#2721=CARTESIAN_POINT('Origin',(-17.0414276176478,12.3734939865776,0.));
#2722=CARTESIAN_POINT('',(-18.7157433982977,9.47349398657762,6.));
#2723=CARTESIAN_POINT('',(-18.7157433982977,9.47349398657762,0.));
#2724=CARTESIAN_POINT('',(-17.0414276176478,12.3734939865776,6.));
#2725=CARTESIAN_POINT('',(-18.7157433982977,9.47349398657762,6.));
#2726=CARTESIAN_POINT('',(-17.0414276176478,12.3734939865776,0.));
#2727=CARTESIAN_POINT('Origin',(-18.7157433982977,15.2734939865776,0.));
#2728=CARTESIAN_POINT('',(-18.7157433982977,15.2734939865776,6.));
#2729=CARTESIAN_POINT('',(-17.0414276176478,12.3734939865776,6.));
#2730=CARTESIAN_POINT('',(-18.7157433982977,15.2734939865776,0.));
#2731=CARTESIAN_POINT('Origin',(-22.0643749595975,15.2734939865776,0.));
#2732=CARTESIAN_POINT('',(-22.0643749595975,15.2734939865776,6.));
#2733=CARTESIAN_POINT('',(-18.7157433982977,15.2734939865776,6.));
#2734=CARTESIAN_POINT('',(-22.0643749595975,15.2734939865776,0.));
#2735=CARTESIAN_POINT('Origin',(-23.7386907402474,12.3734939865776,0.));
#2736=CARTESIAN_POINT('',(-23.7386907402474,12.3734939865776,6.));
#2737=CARTESIAN_POINT('',(-22.0643749595975,15.2734939865776,6.));
#2738=CARTESIAN_POINT('',(-23.7386907402474,12.3734939865776,0.));
#2739=CARTESIAN_POINT('Origin',(-22.0643749595975,9.47349398657762,0.));
#2740=CARTESIAN_POINT('',(-22.0643749595975,9.47349398657762,6.));
#2741=CARTESIAN_POINT('',(-23.7386907402474,12.3734939865776,6.));
#2742=CARTESIAN_POINT('',(-22.0643749595975,9.47349398657762,0.));
#2743=CARTESIAN_POINT('Origin',(-18.7157433982977,9.47349398657762,0.));
#2744=CARTESIAN_POINT('',(-22.0643749595975,9.47349398657762,6.));
#2745=CARTESIAN_POINT('Origin',(-24.3900591789476,8.87349398657762,0.));
#2746=CARTESIAN_POINT('',(-16.3900591789476,8.87349398657762,6.));
#2747=CARTESIAN_POINT('Origin',(-16.3900591789476,15.8734939865776,0.));
#2748=CARTESIAN_POINT('',(-24.3900591789476,15.8734939865776,6.));
#2749=CARTESIAN_POINT('Origin',(-20.3900591789476,12.3734939865776,6.));
#2750=CARTESIAN_POINT('Origin',(18.4075673473451,10.8750002384186,0.));
#2751=CARTESIAN_POINT('',(18.4075673473451,8.87500023841858,6.));
#2752=CARTESIAN_POINT('',(16.4075673473451,10.8750002384186,6.));
#2753=CARTESIAN_POINT('Origin',(18.4075673473451,10.8750002384186,6.));
#2754=CARTESIAN_POINT('',(16.4075673473451,10.8750002384186,0.));
#2755=CARTESIAN_POINT('',(16.4075673473451,10.8750002384186,0.));
#2756=CARTESIAN_POINT('',(18.4075673473451,8.87500023841858,0.));
#2757=CARTESIAN_POINT('Origin',(18.4075673473451,10.8750002384186,0.));
#2758=CARTESIAN_POINT('',(18.4075673473451,8.87500023841858,0.));
#2759=CARTESIAN_POINT('Origin',(16.4075673473451,8.87500023841858,0.));
#2760=CARTESIAN_POINT('',(22.4075673473451,8.87500023841858,0.));
#2761=CARTESIAN_POINT('',(24.4075673473451,8.87500023841858,0.));
#2762=CARTESIAN_POINT('',(22.4075673473451,8.87500023841858,6.));
#2763=CARTESIAN_POINT('',(22.4075673473451,8.87500023841858,0.));
#2764=CARTESIAN_POINT('',(24.4075673473451,8.87500023841858,6.));
#2765=CARTESIAN_POINT('Origin',(20.4075673473451,12.3750002384186,0.));
#2766=CARTESIAN_POINT('',(16.4075673473451,13.8750002384186,0.));
#2767=CARTESIAN_POINT('',(16.4075673473451,8.87500023841858,0.));
#2768=CARTESIAN_POINT('',(18.4075673473451,15.8750002384186,0.));
#2769=CARTESIAN_POINT('Origin',(18.4075673473451,13.8750002384186,0.));
#2770=CARTESIAN_POINT('',(22.4075673473451,15.8750002384186,0.));
#2771=CARTESIAN_POINT('',(16.4075673473451,15.8750002384186,0.));
#2772=CARTESIAN_POINT('',(24.4075673473451,13.8750002384186,0.));
#2773=CARTESIAN_POINT('Origin',(22.4075673473451,13.8750002384186,0.));
#2774=CARTESIAN_POINT('',(24.4075673473451,10.8750002384186,0.));
#2775=CARTESIAN_POINT('',(24.4075673473451,15.8750002384186,0.));
#2776=CARTESIAN_POINT('Origin',(22.4075673473451,10.8750002384186,0.));
#2777=CARTESIAN_POINT('',(22.081883127995,9.47500023841858,0.));
#2778=CARTESIAN_POINT('',(18.7332515666952,9.47500023841858,0.));
#2779=CARTESIAN_POINT('',(18.7332515666952,9.47500023841858,0.));
#2780=CARTESIAN_POINT('',(23.7561989086449,12.3750002384186,0.));
#2781=CARTESIAN_POINT('',(22.081883127995,9.47500023841858,0.));
#2782=CARTESIAN_POINT('',(22.081883127995,15.2750002384186,0.));
#2783=CARTESIAN_POINT('',(23.7561989086449,12.3750002384186,0.));
#2784=CARTESIAN_POINT('',(18.7332515666952,15.2750002384186,0.));
#2785=CARTESIAN_POINT('',(22.081883127995,15.2750002384186,0.));
#2786=CARTESIAN_POINT('',(17.0589357860452,12.3750002384186,0.));
#2787=CARTESIAN_POINT('',(18.7332515666952,15.2750002384186,0.));
#2788=CARTESIAN_POINT('',(17.0589357860452,12.3750002384186,0.));
#2789=CARTESIAN_POINT('Origin',(22.4075673473451,10.8750002384186,0.));
#2790=CARTESIAN_POINT('',(24.4075673473451,10.8750002384186,6.));
#2791=CARTESIAN_POINT('Origin',(22.4075673473451,10.8750002384186,6.));
#2792=CARTESIAN_POINT('',(24.4075673473451,10.8750002384186,0.));
#2793=CARTESIAN_POINT('Origin',(24.4075673473451,8.87500023841858,0.));
#2794=CARTESIAN_POINT('',(24.4075673473451,13.8750002384186,6.));
#2795=CARTESIAN_POINT('',(24.4075673473451,13.8750002384186,0.));
#2796=CARTESIAN_POINT('',(24.4075673473451,15.8750002384186,6.));
#2797=CARTESIAN_POINT('Origin',(22.4075673473451,13.8750002384186,0.));
#2798=CARTESIAN_POINT('',(22.4075673473451,15.8750002384186,6.));
#2799=CARTESIAN_POINT('Origin',(22.4075673473451,13.8750002384186,6.));
#2800=CARTESIAN_POINT('',(22.4075673473451,15.8750002384186,0.));
#2801=CARTESIAN_POINT('Origin',(24.4075673473451,15.8750002384186,0.));
#2802=CARTESIAN_POINT('',(18.4075673473451,15.8750002384186,6.));
#2803=CARTESIAN_POINT('',(18.4075673473451,15.8750002384186,0.));
#2804=CARTESIAN_POINT('',(16.4075673473451,15.8750002384186,6.));
#2805=CARTESIAN_POINT('Origin',(18.4075673473451,13.8750002384186,0.));
#2806=CARTESIAN_POINT('',(16.4075673473451,13.8750002384186,6.));
#2807=CARTESIAN_POINT('Origin',(18.4075673473451,13.8750002384186,6.));
#2808=CARTESIAN_POINT('',(16.4075673473451,13.8750002384186,0.));
#2809=CARTESIAN_POINT('Origin',(23.7561989086449,12.3750002384186,0.));
#2810=CARTESIAN_POINT('',(22.081883127995,9.47500023841858,6.));
#2811=CARTESIAN_POINT('',(22.081883127995,9.47500023841858,0.));
#2812=CARTESIAN_POINT('',(23.7561989086449,12.3750002384186,6.));
#2813=CARTESIAN_POINT('',(22.081883127995,9.47500023841858,6.));
#2814=CARTESIAN_POINT('',(23.7561989086449,12.3750002384186,0.));
#2815=CARTESIAN_POINT('Origin',(22.081883127995,15.2750002384186,0.));
#2816=CARTESIAN_POINT('',(22.081883127995,15.2750002384186,6.));
#2817=CARTESIAN_POINT('',(23.7561989086449,12.3750002384186,6.));
#2818=CARTESIAN_POINT('',(22.081883127995,15.2750002384186,0.));
#2819=CARTESIAN_POINT('Origin',(18.7332515666952,15.2750002384186,0.));
#2820=CARTESIAN_POINT('',(18.7332515666952,15.2750002384186,6.));
#2821=CARTESIAN_POINT('',(22.081883127995,15.2750002384186,6.));
#2822=CARTESIAN_POINT('',(18.7332515666952,15.2750002384186,0.));
#2823=CARTESIAN_POINT('Origin',(17.0589357860452,12.3750002384186,0.));
#2824=CARTESIAN_POINT('',(17.0589357860452,12.3750002384186,6.));
#2825=CARTESIAN_POINT('',(18.7332515666952,15.2750002384186,6.));
#2826=CARTESIAN_POINT('',(17.0589357860452,12.3750002384186,0.));
#2827=CARTESIAN_POINT('Origin',(18.7332515666952,9.47500023841858,0.));
#2828=CARTESIAN_POINT('',(18.7332515666952,9.47500023841858,6.));
#2829=CARTESIAN_POINT('',(17.0589357860452,12.3750002384186,6.));
#2830=CARTESIAN_POINT('',(18.7332515666952,9.47500023841858,0.));
#2831=CARTESIAN_POINT('Origin',(22.081883127995,9.47500023841858,0.));
#2832=CARTESIAN_POINT('',(18.7332515666952,9.47500023841858,6.));
#2833=CARTESIAN_POINT('Origin',(16.4075673473451,15.8750002384186,0.));
#2834=CARTESIAN_POINT('',(16.4075673473451,8.87500023841858,6.));
#2835=CARTESIAN_POINT('Origin',(20.4075673473451,12.3750002384186,6.));
#2836=UNCERTAINTY_MEASURE_WITH_UNIT(LENGTH_MEASURE(0.01),#2840,
'DISTANCE_ACCURACY_VALUE',
'Maximum model space distance between geometric entities at asserted c
onnectivities');
#2837=UNCERTAINTY_MEASURE_WITH_UNIT(LENGTH_MEASURE(0.01),#2840,
'DISTANCE_ACCURACY_VALUE',
'Maximum model space distance between geometric entities at asserted c
onnectivities');
#2838=(
GEOMETRIC_REPRESENTATION_CONTEXT(3)
GLOBAL_UNCERTAINTY_ASSIGNED_CONTEXT((#2836))
GLOBAL_UNIT_ASSIGNED_CONTEXT((#2840,#2842,#2843))
REPRESENTATION_CONTEXT('','3D')
);
#2839=(
GEOMETRIC_REPRESENTATION_CONTEXT(3)
GLOBAL_UNCERTAINTY_ASSIGNED_CONTEXT((#2837))
GLOBAL_UNIT_ASSIGNED_CONTEXT((#2840,#2842,#2843))
REPRESENTATION_CONTEXT('','3D')
);
#2840=(
LENGTH_UNIT()
NAMED_UNIT(*)
SI_UNIT(.MILLI.,.METRE.)
);
#2841=(
LENGTH_UNIT()
NAMED_UNIT(*)
SI_UNIT($,.METRE.)
);
#2842=(
NAMED_UNIT(*)
PLANE_ANGLE_UNIT()
SI_UNIT($,.RADIAN.)
);
#2843=(
NAMED_UNIT(*)
SI_UNIT($,.STERADIAN.)
SOLID_ANGLE_UNIT()
);
#2844=SHAPE_DEFINITION_REPRESENTATION(#2845,#2846);
#2845=PRODUCT_DEFINITION_SHAPE('',$,#2848);
#2846=SHAPE_REPRESENTATION('',(#1624),#2838);
#2847=PRODUCT_DEFINITION_CONTEXT('part definition',#2852,'design');
#2848=PRODUCT_DEFINITION('Jaw','Jaw v3',#2849,#2847);
#2849=PRODUCT_DEFINITION_FORMATION('',$,#2854);
#2850=PRODUCT_RELATED_PRODUCT_CATEGORY('Jaw v3','Jaw v3',(#2854));
#2851=APPLICATION_PROTOCOL_DEFINITION('international standard',
'automotive_design',2009,#2852);
#2852=APPLICATION_CONTEXT(
'Core Data for Automotive Mechanical Design Process');
#2853=PRODUCT_CONTEXT('part definition',#2852,'mechanical');
#2854=PRODUCT('Jaw','Jaw v3',$,(#2853));
#2855=PRESENTATION_STYLE_ASSIGNMENT((#2857));
#2856=PRESENTATION_STYLE_ASSIGNMENT((#2858));
#2857=SURFACE_STYLE_USAGE(.BOTH.,#2859);
#2858=SURFACE_STYLE_USAGE(.BOTH.,#2860);
#2859=SURFACE_SIDE_STYLE('',(#2861));
#2860=SURFACE_SIDE_STYLE('',(#2862));
#2861=SURFACE_STYLE_FILL_AREA(#2863);
#2862=SURFACE_STYLE_FILL_AREA(#2864);
#2863=FILL_AREA_STYLE('Plate',(#2865));
#2864=FILL_AREA_STYLE('Opaque(160,160,160)',(#2866));
#2865=FILL_AREA_STYLE_COLOUR('Plate',#2867);
#2866=FILL_AREA_STYLE_COLOUR('Opaque(160,160,160)',#2868);
#2867=COLOUR_RGB('Plate',0.6,0.6,0.6);
#2868=COLOUR_RGB('Opaque(160,160,160)',0.627450980392157,0.627450980392157,
0.627450980392157);
ENDSEC;
END-ISO-10303-21;
